state_fips,state_abbreviation,year,actual_compliance,predicted_compliance
01,AL,2010,1.0029251984956093,
01,AL,2011,0.3124999999999995,
01,AL,2012,0.6850736973219842,
01,AL,2013,1.3038079470198642,
01,AL,2014,0.7018992568125503,
01,AL,2015,0.49433573635427347,
01,AL,2016,0.2671049928087113,
01,AL,2017,0.2460024600246,
01,AL,2018,0.3270645952575632,
01,AL,2019,0.468622656886715,0.33434712895305624
01,AL,2020,0.4172461752433932,0.4518335511847793
01,AL,2021,0.3366336633663366,0.3475581519267321
01,AL,2022,0.43332676777624524,0.3568915305447043
01,AL,2023,0.390777647518561,0.3448433366768784
01,AL,2024,1.0265349602944007,0.34788156650129276
02,AK,2010,40.19607843137255,
02,AK,2011,40.858725761772845,
02,AK,2012,51.84678522571819,
02,AK,2013,45.39295392953929,
02,AK,2014,44.91180461329714,
02,AK,2015,45.663956639566386,
02,AK,2016,51.81695827725437,
02,AK,2017,42.91497975708502,
02,AK,2018,39.4843962008141,
02,AK,2019,41.961852861035425,35.36927529095579
02,AK,2020,40.10914051841746,35.86006505600277
02,AK,2021,35.10204081632653,35.382431010249604
02,AK,2022,38.96457765667575,34.382267818603545
02,AK,2023,46.802721088435376,29.015016176222083
02,AK,2024,46.40434192672998,34.402161661515166
04,AZ,2010,8.459497424691731,
04,AZ,2011,5.345280395488942,
04,AZ,2012,6.223306894447825,
04,AZ,2013,4.9886963074604305,
04,AZ,2014,5.07945937917718,
04,AZ,2015,4.097760866383721,
04,AZ,2016,3.513318934485237,
04,AZ,2017,3.8024971623155426,
04,AZ,2018,3.2523729759910607,
04,AZ,2019,3.3049917718047137,2.4961458017561045
04,AZ,2020,4.007235285932929,3.102502392999335
04,AZ,2021,3.519384107781132,4.409497779944124
04,AZ,2022,4.206241519674344,3.2182624426621107
04,AZ,2023,3.717122920021464,3.018497378631008
04,AZ,2024,7.014293276866055,3.2267353829225334
05,AR,2010,7.18685831622176,
05,AR,2011,6.494389663379796,
05,AR,2012,6.942092786996269,
05,AR,2013,8.445945945945939,
05,AR,2014,7.7467160660154875,
05,AR,2015,9.261744966442945,
05,AR,2016,8.723262032085557,
05,AR,2017,6.258322237017309,
05,AR,2018,5.776892430278881,
05,AR,2019,6.421714664018536,5.106244013710106
05,AR,2020,7.067020570670206,6.183578011574248
05,AR,2021,4.823257350512055,5.818199063515081
05,AR,2022,3.249097472924187,4.428812779639367
05,AR,2023,5.863192182410421,3.213761648936521
05,AR,2024,6.912144702842375,3.9793048633935566
06,CA,2010,5.152733118971008,
06,CA,2011,5.16261026676581,
06,CA,2012,5.0441428383185745,
06,CA,2013,5.455638626025973,
06,CA,2014,5.499261409282843,
06,CA,2015,5.22311330454448,
06,CA,2016,4.005210861069242,
06,CA,2017,3.675835070415348,
06,CA,2018,3.2634328168978226,
06,CA,2019,3.1188194127491125,2.9641337263340777
06,CA,2020,2.5273224043715734,2.9760473199091737
06,CA,2021,2.5387582049906556,2.2974701226976992
06,CA,2022,2.456230031948857,2.4615869505934285
06,CA,2023,2.437343678219576,2.096406468985071
06,CA,2024,4.247427918201352,1.8671912430303281
08,CO,2010,5.269413629160056,
08,CO,2011,4.451386177274491,
08,CO,2012,2.984212552945702,
08,CO,2013,3.813318155947631,
08,CO,2014,4.801046142350083,
08,CO,2015,5.683901723505677,
08,CO,2016,6.0606060606060534,
08,CO,2017,6.818586434039511,
08,CO,2018,7.512725996138318,
08,CO,2019,7.259465092045843,7.706819192959457
08,CO,2020,6.704682909970612,8.154471664948835
08,CO,2021,6.604747162022693,6.477057904721507
08,CO,2022,7.876302750726121,6.0617196933448145
08,CO,2023,7.07036535859269,6.61562612195929
08,CO,2024,8.382033728502238,6.674302491524726
09,CT,2010,8.270466610785133,
09,CT,2011,9.250487601003064,
09,CT,2012,8.623087621696799,
09,CT,2013,6.979977753058941,
09,CT,2014,6.952169076751934,
09,CT,2015,6.96572861521315,
09,CT,2016,3.1564245810055835,
09,CT,2017,5.622377622377613,
09,CT,2018,4.839160839160831,
09,CT,2019,3.168816601233874,3.7338821067311683
09,CT,2020,3.240223463687147,2.960428158531504
09,CT,2021,2.965631929046561,2.883167217649267
09,CT,2022,4.172423321359485,2.4795892518358222
09,CT,2023,4.504257072232902,3.1277515875558453
09,CT,2024,12.54763200870982,3.039720357436396
10,DE,2010,7.555555555555555,
10,DE,2011,8.370044052863433,
10,DE,2012,9.279475982532746,
10,DE,2013,7.034632034632033,
10,DE,2014,6.002143622722398,
10,DE,2015,5.307855626326962,
10,DE,2016,1.9999999999999993,
10,DE,2017,1.148225469728601,
10,DE,2018,2.585315408479835,
10,DE,2019,1.2282497441146367,1.7136418180593451
10,DE,2020,1.512096774193548,1.0085154501618918
10,DE,2021,2.089552238805969,0.9419503421684204
10,DE,2022,1.176470588235294,1.1059559533948744
10,DE,2023,1.4492753623188406,1.0873685276530531
10,DE,2024,1.2380952380952377,0.901421387311339
11,DC,2010,0.8264462809917356,
11,DC,2011,0.1612903225806451,
11,DC,2012,0.6289308176100629,
11,DC,2013,0.9202453987730059,
11,DC,2014,0.6024096385542168,
11,DC,2015,0.7385524372230426,
11,DC,2016,0.5813953488372092,
11,DC,2017,0.4304160688665709,
11,DC,2018,0.284090909090909,
11,DC,2019,0.1412429378531073,0.24501474730168873
11,DC,2020,0.0,0.2123255540635419
11,DC,2021,0.1492537313432835,0.1619923127151133
11,DC,2022,0.1481481481481481,0.17120823881719238
11,DC,2023,0.1464128843338213,0.16840478618872007
11,DC,2024,0.5788712011577424,0.19343138197845994
12,FL,2010,2.15430330043509,
12,FL,2011,2.109571788413084,
12,FL,2012,1.782198735882274,
12,FL,2013,1.5445990180032658,
12,FL,2014,1.4002216178100062,
12,FL,2015,1.909095405311821,
12,FL,2016,0.9889950065448192,
12,FL,2017,0.7055346331696601,
12,FL,2018,0.7433545048223907,
12,FL,2019,0.8328680439233157,0.9283479310975927
12,FL,2020,1.0374693159186632,0.9913067052394672
12,FL,2021,0.8792416540733591,0.9054524315270296
12,FL,2022,0.9012224502543018,0.7888925117694319
12,FL,2023,0.7414191635047281,0.8005149641130044
12,FL,2024,0.7177856099028594,0.7459641077321774
13,GA,2010,2.3373146622734726,
13,GA,2011,1.2341901264789825,
13,GA,2012,1.3126009693053278,
13,GA,2013,1.613873295910178,
13,GA,2014,1.8170985999404194,
13,GA,2015,1.8756751448492528,
13,GA,2016,1.1738455568490447,
13,GA,2017,0.9311702025535155,
13,GA,2018,1.0742466013879608,
13,GA,2019,1.2325931501693617,0.8655197550851131
13,GA,2020,0.8851206559209894,1.1042295512250264
13,GA,2021,0.7412211618641692,0.7478655737447815
13,GA,2022,1.1527904849039334,0.6842351084538081
13,GA,2023,1.1569052783803295,0.8973292966252726
13,GA,2024,1.312031417350944,0.9161995391646327
15,HI,2010,0.5131964809384162,
15,HI,2011,0.8695652173913041,
15,HI,2012,0.0,
15,HI,2013,0.2838892831795596,
15,HI,2014,0.21201413427561838,
15,HI,2015,0.7027406886858745,
15,HI,2016,0.0699790062981105,
15,HI,2017,0.2103786816269284,
15,HI,2018,0.1405481377371748,
15,HI,2019,0.211864406779661,0.18498252967509143
15,HI,2020,0.344589937973811,0.23579412806603095
15,HI,2021,0.0691085003455425,0.14914382588524383
15,HI,2022,0.0695410292072322,0.14032048240902825
15,HI,2023,0.0,0.18262448712467003
15,HI,2024,0.20905923344947708,0.12557010555811052
16,ID,2010,23.8701464035646,
16,ID,2011,27.714646464646457,
16,ID,2012,19.674185463659143,
16,ID,2013,18.796526054590554,
16,ID,2014,21.323529411764696,
16,ID,2015,18.644067796610166,
16,ID,2016,11.995249406175768,
16,ID,2017,13.546511627906973,
16,ID,2018,11.07305936073059,
16,ID,2019,9.05533817775293,9.772441016004851
16,ID,2020,8.49107625743645,7.6577239180873615
16,ID,2021,6.351706036745403,8.44916492978988
16,ID,2022,6.02161605764282,8.095788523851425
16,ID,2023,12.944162436548218,8.389075325746653
16,ID,2024,13.093453273363313,8.060160923606775
17,IL,2010,3.3720115255821077,
17,IL,2011,2.004973577867567,
17,IL,2012,1.1643250795622115,
17,IL,2013,1.3725186104218297,
17,IL,2014,1.9091967403958021,
17,IL,2015,1.8895800933125955,
17,IL,2016,0.9358914365933532,
17,IL,2017,0.7433489827855986,
17,IL,2018,0.872298624754417,
17,IL,2019,1.0341833109655008,1.083814450310169
17,IL,2020,0.687768659632667,1.0877977603920228
17,IL,2021,2.298669605604958,0.9935269596733353
17,IL,2022,1.4908802537668473,0.9982607998246542
17,IL,2023,1.401092377107574,1.0624631418495372
17,IL,2024,3.817995749035627,1.2521954027954658
18,IN,2010,6.470497612078249,
18,IN,2011,5.539358600583089,
18,IN,2012,5.643064688790319,
18,IN,2013,6.148227058286399,
18,IN,2014,6.109763493026051,
18,IN,2015,6.9429738314929565,
18,IN,2016,3.931907200964136,
18,IN,2017,3.0321224857400173,
18,IN,2018,3.5682293221857107,
18,IN,2019,3.981577774476287,3.2291739650245055
18,IN,2020,5.670103092783482,3.135535959787382
18,IN,2021,4.255943645435867,4.0042738222355965
18,IN,2022,4.195293085806169,3.7408449759835154
18,IN,2023,4.4760935910477935,3.4382921154207113
18,IN,2024,5.839942321557286,3.6482730011975364
19,IA,2010,10.619469026548666,
19,IA,2011,7.303553961525919,
19,IA,2012,5.947351316217085,
19,IA,2013,6.593406593406586,
19,IA,2014,5.946640951462549,
19,IA,2015,6.532180595581165,
19,IA,2016,3.6067666773060933,
19,IA,2017,3.1488549618320594,
19,IA,2018,2.7619047619047596,
19,IA,2019,2.373417721518985,1.8013530871764902
19,IA,2020,2.193669696020055,1.6363643542614799
19,IA,2021,2.68834010628321,2.1512474697629456
19,IA,2022,2.1549031855090557,2.2261688424509374
19,IA,2023,2.4261275272161726,2.030124334307049
19,IA,2024,1.8885448916408656,2.31619358047511
20,KS,2010,11.546536039188235,
20,KS,2011,9.094076655052257,
20,KS,2012,7.449757449757447,
20,KS,2013,7.53282653766413,
20,KS,2014,8.13232253618194,
20,KS,2015,9.893507385778076,
20,KS,2016,7.9986268451767915,
20,KS,2017,6.423909309515626,
20,KS,2018,5.320974939924475,
20,KS,2019,7.758324751115685,5.090713382651394
20,KS,2020,6.977535738597683,5.264264477237608
20,KS,2021,6.294658046954744,5.1456579586177975
20,KS,2022,5.139550714771953,5.432474803269002
20,KS,2023,4.677966101694913,5.644466626971209
20,KS,2024,7.2512647554806025,4.602821245667302
21,KY,2010,2.851885924563015,
21,KY,2011,2.3793182338137693,
21,KY,2012,1.2306289881494954,
21,KY,2013,1.179941002949852,
21,KY,2014,2.6035770885216185,
21,KY,2015,5.034996613230973,
21,KY,2016,5.157657657657653,
21,KY,2017,3.882405745062833,
21,KY,2018,2.8673835125447997,
21,KY,2019,1.0957066189624307,3.0016715620562984
21,KY,2020,0.9316770186335391,1.7602239093239387
21,KY,2021,0.8429458740017737,1.0075866712755102
21,KY,2022,0.81840300818403,0.9059074728368905
21,KY,2023,1.4065934065934047,0.8443555493680531
21,KY,2024,1.9633507853403107,1.0767464655796606
22,LA,2010,5.412541254125412,
22,LA,2011,7.145979020979014,
22,LA,2012,8.061712299000435,
22,LA,2013,6.636402939904872,
22,LA,2014,8.889367197589316,
22,LA,2015,10.092136275980279,
22,LA,2016,9.39970091860713,
22,LA,2017,11.210954214805298,
22,LA,2018,16.445111492281292,
22,LA,2019,19.83683984542722,15.958087535643331
22,LA,2020,13.929492691315556,19.334798525455817
22,LA,2021,16.591056383668167,13.166551834507963
22,LA,2022,15.82264725059769,15.263485570618588
22,LA,2023,15.50337029789084,17.87669821610477
22,LA,2024,18.158179848320685,14.096302248982814
23,ME,2010,23.41867469879518,
23,ME,2011,20.85843373493976,
23,ME,2012,16.716867469879517,
23,ME,2013,14.446952595936791,
23,ME,2014,12.096168294515396,
23,ME,2015,13.167795334838221,
23,ME,2016,5.705705705705703,
23,ME,2017,13.248502994011975,
23,ME,2018,8.731343283582081,
23,ME,2019,6.983655274888556,7.600530279952778
23,ME,2020,6.300366300366297,7.3130480000013005
23,ME,2021,8.121827411167512,7.372267671500518
23,ME,2022,7.47126436781609,8.777120531082536
23,ME,2023,11.76890156918687,6.784707633902572
23,ME,2024,10.085227272727266,8.073262578060504
24,MD,2010,5.510450855069942,
24,MD,2011,6.79794520547943,
24,MD,2012,6.929347826086952,
24,MD,2013,6.430379746835418,
24,MD,2014,5.40268456375837,
24,MD,2015,5.0592753381198685,
24,MD,2016,1.4316630597636089,
24,MD,2017,1.0783012607830125,
24,MD,2018,1.0758027143330022,
24,MD,2019,0.7101568951279915,1.2705896458896897
24,MD,2020,0.7122045969569432,0.9165633997894999
24,MD,2021,0.7124352331606193,0.7672092564823816
24,MD,2022,0.808668930939671,0.6123707956540173
24,MD,2023,0.596293311845286,0.7608206148830053
24,MD,2024,5.492393915132086,0.7145515750758833
25,MA,2010,4.568991775814793,
25,MA,2011,5.185969156335037,
25,MA,2012,5.072028811524594,
25,MA,2013,6.656738644825,
25,MA,2014,4.848484848484829,
25,MA,2015,3.4426953067529706,
25,MA,2016,1.1132268932181,
25,MA,2017,1.2092074592074555,
25,MA,2018,1.8297995933778637,
25,MA,2019,1.6533720087019579,1.5990008299712342
25,MA,2020,1.0737294201861103,1.604191923127475
25,MA,2021,1.057596112619689,1.3330874349327613
25,MA,2022,0.7686832740213504,1.0555972148191322
25,MA,2023,1.0038173335218417,0.9597295287976342
25,MA,2024,0.8684689732455493,1.0183720140455823
26,MI,2010,4.646689613282022,
26,MI,2011,3.8449863401800988,
26,MI,2012,3.455243483532005,
26,MI,2013,4.104891578416528,
26,MI,2014,3.906564639548913,
26,MI,2015,4.2581034829877185,
26,MI,2016,1.8384569017480341,
26,MI,2017,1.3932043700511088,
26,MI,2018,1.8223690798037302,
26,MI,2019,0.9614421632448672,1.2502316472055315
26,MI,2020,0.943208895949162,1.6561524856440273
26,MI,2021,1.1451902011551418,0.9743536034773926
26,MI,2022,1.2445240939864524,0.9101647939070365
26,MI,2023,1.0634068773603582,1.011680425996991
26,MI,2024,2.821782178217821,0.9904899517534919
27,MN,2010,5.799284503859894,
27,MN,2011,4.78773143818962,
27,MN,2012,4.74153960580141,
27,MN,2013,4.690674053554925,
27,MN,2014,5.3548505409865985,
27,MN,2015,4.759299781181609,
27,MN,2016,1.7013574660633468,
27,MN,2017,1.2749147064104842,
27,MN,2018,1.622392583348187,
27,MN,2019,1.8439716312056729,1.2211508289798942
27,MN,2020,1.4533356680091034,1.1047993945131918
27,MN,2021,1.5575778788939405,1.3223690328448203
27,MN,2022,2.1997206703910592,1.189668196176974
27,MN,2023,2.294455066921605,1.4817180804135948
27,MN,2024,2.5012937726410205,1.5238334915355218
28,MS,2010,4.274654998317064,
28,MS,2011,4.128902316213492,
28,MS,2012,6.465661641541036,
28,MS,2013,5.150501672240802,
28,MS,2014,3.576203208556148,
28,MS,2015,4.046822742474915,
28,MS,2016,2.7081243731193556,
28,MS,2017,0.8024072216649945,
28,MS,2018,1.5085484411666101,
28,MS,2019,2.1826729348556073,1.5190078536094749
28,MS,2020,2.3664638269100733,1.7987676867313818
28,MS,2021,2.7815468113975546,1.9483945796665016
28,MS,2022,2.2781366882012897,2.2860616387675905
28,MS,2023,1.4615907545887141,1.941235991169506
28,MS,2024,9.728813559322019,1.4840214878432771
29,MO,2010,12.875250166777837,
29,MO,2011,11.645316918981854,
29,MO,2012,10.189180219050764,
29,MO,2013,10.640410392189292,
29,MO,2014,9.82010232711667,
29,MO,2015,13.069958847736604,
29,MO,2016,7.7655557379740445,
29,MO,2017,5.661921125838641,
29,MO,2018,4.701273261508321,
29,MO,2019,4.511400651465792,4.75564890849069
29,MO,2020,4.224207961007306,4.614794647111243
29,MO,2021,3.9526972298720207,3.626169706586335
29,MO,2022,4.758051464638284,3.3105100484697774
29,MO,2023,3.9477924589107305,3.5049395447629266
29,MO,2024,5.39718129404227,3.3857313383407917
30,MT,2010,25.832492431886976,
30,MT,2011,39.77955911823647,
30,MT,2012,30.97609561752988,
30,MT,2013,26.923076923076916,
30,MT,2014,35.777126099706734,
30,MT,2015,35.40252182347235,
30,MT,2016,15.547024952015347,
30,MT,2017,11.005692599620488,
30,MT,2018,16.85499058380414,
30,MT,2019,15.233644859813081,12.347312928751691
30,MT,2020,12.419503219871205,12.16321563652216
30,MT,2021,9.041591320072332,12.245944137227454
30,MT,2022,15.32976827094474,12.177074216684218
30,MT,2023,11.847922192749776,11.895934782862398
30,MT,2024,14.499121265377854,10.385172172056203
31,NE,2010,24.699453551912566,
31,NE,2011,21.673003802281364,
31,NE,2012,15.911542610571725,
31,NE,2013,19.0246516613076,
31,NE,2014,19.521276595744673,
31,NE,2015,19.820295983086666,
31,NE,2016,8.027282266526754,
31,NE,2017,5.320813771517994,
31,NE,2018,3.582554517133955,
31,NE,2019,3.310915675116397,2.843124324043826
31,NE,2020,3.6678553234844617,2.701301608931442
31,NE,2021,4.3256997455470705,3.5226766522533604
31,NE,2022,4.460212873796249,3.908195564496443
31,NE,2023,4.225352112676054,4.016782871088784
31,NE,2024,4.785643070787633,3.648517738018306
32,NV,2010,6.291635825314577,
32,NV,2011,5.234058238112789,
32,NV,2012,4.590163934426226,
32,NV,2013,3.709038530788616,
32,NV,2014,3.937566512947854,
32,NV,2015,3.8340885325897487,
32,NV,2016,2.465753424657533,
32,NV,2017,3.9030955585464318,
32,NV,2018,4.8498845265588875,
32,NV,2019,3.6881268197994164,2.0879871946169084
32,NV,2020,3.015720243824189,2.8608684997246496
32,NV,2021,2.509529860228715,2.706087851057635
32,NV,2022,3.178099433606038,2.1941554171617086
32,NV,2023,3.6125817502335713,2.3557674002573297
32,NV,2024,4.824830977258755,2.241611169883124
33,NH,2010,24.981017463933178,
33,NH,2011,25.681818181818173,
33,NH,2012,24.981132075471688,
33,NH,2013,26.224566691785977,
33,NH,2014,22.263868065967,
33,NH,2015,9.27449513836948,
33,NH,2016,11.235119047619047,
33,NH,2017,14.592592592592585,
33,NH,2018,14.317343173431725,
33,NH,2019,14.180749448934598,10.259146287222755
33,NH,2020,9.499637418419145,8.547969483600113
33,NH,2021,7.204610951008641,9.296913368147486
33,NH,2022,6.871868289191119,8.751955725157005
33,NH,2023,10.77032810271041,8.000910861727153
33,NH,2024,8.871540099361242,9.699667670039508
34,NJ,2010,5.432435504034534,
34,NJ,2011,7.1922074980178845,
34,NJ,2012,5.143567714221089,
34,NJ,2013,4.718898171144721,
34,NJ,2014,3.5863313409270217,
34,NJ,2015,3.731679819616666,
34,NJ,2016,2.5129592066711655,
34,NJ,2017,2.936543654365428,
34,NJ,2018,3.654970760233911,
34,NJ,2019,3.2392306827128468,2.7414270565844103
34,NJ,2020,2.621359223300961,2.523803382701204
34,NJ,2021,3.291248516240406,1.9634949139468243
34,NJ,2022,2.677995267799525,2.224242777198903
34,NJ,2023,3.0122405534858743,2.561681130533087
34,NJ,2024,3.1769408794445475,2.008634490584418
35,NM,2010,20.096852300242123,
35,NM,2011,21.480057664584326,
35,NM,2012,23.323754789272026,
35,NM,2013,25.32250358337314,
35,NM,2014,31.29186602870813,
35,NM,2015,40.33492822966507,
35,NM,2016,32.871476349737215,
35,NM,2017,24.31915910176779,
35,NM,2018,21.585482330467997,
35,NM,2019,24.52380952380952,18.12912590201078
35,NM,2020,14.164305949008497,13.960895969627334
35,NM,2021,11.10061407652338,11.705919478425697
35,NM,2022,15.380974917179364,14.407393288958346
35,NM,2023,14.959886739027839,14.103749933887064
35,NM,2024,34.93182886694875,9.478969206835162
36,NY,2010,2.5309278350515347,
36,NY,2011,2.5743589743589634,
36,NY,2012,2.4266884642893487,
36,NY,2013,1.9871598899419045,
36,NY,2014,1.6231618582404699,
36,NY,2015,1.8059724271251953,
36,NY,2016,1.3546547158280589,
36,NY,2017,1.3473512299683517,
36,NY,2018,1.4889480147359733,
36,NY,2019,1.3101782870061074,1.175499293785144
36,NY,2020,0.9989066693171591,1.2373548761926494
36,NY,2021,1.1696496092765267,1.2036809215137518
36,NY,2022,0.8725206716379992,0.8844924234161096
36,NY,2023,0.7024814271996714,0.7837863455749761
36,NY,2024,1.0749462526873557,0.8562725369228598
37,NC,2010,5.7650130548302805,
37,NC,2011,4.9280463816129885,
37,NC,2012,4.501640689089409,
37,NC,2013,4.630852036153125,
37,NC,2014,4.0354231659454465,
37,NC,2015,3.29779814685662,
37,NC,2016,1.6827396181853966,
37,NC,2017,1.5764889061891727,
37,NC,2018,1.2703300933500143,
37,NC,2019,1.095133796781259,1.2089238261274464
37,NC,2020,0.7655502392344482,0.9729475476779874
37,NC,2021,0.8423244368729865,0.7996814720197009
37,NC,2022,0.9433962264150915,0.7115247799069859
37,NC,2023,0.9381898454746116,0.8595564508082854
37,NC,2024,4.6416938110749175,0.8862743166153739
38,ND,2010,6.518518518518518,
38,ND,2011,8.60058309037901,
38,ND,2012,4.843304843304842,
38,ND,2013,5.532503457814661,
38,ND,2014,7.307171853856562,
38,ND,2015,5.158730158730157,
38,ND,2016,1.9841269841269835,
38,ND,2017,1.1889035667107,
38,ND,2018,1.7105263157894732,
38,ND,2019,1.9633507853403136,0.7609182333664848
38,ND,2020,3.974358974358974,0.7075373714060406
38,ND,2021,1.670951156812339,2.1350689170482013
38,ND,2022,0.8974358974358974,2.4310872064184856
38,ND,2023,1.2706480304955523,1.4928428229748043
38,ND,2024,2.395964691046657,1.255825626623778
39,OH,2010,4.827108068290138,
39,OH,2011,5.15329984410184,
39,OH,2012,4.406544887888487,
39,OH,2013,4.412780656303966,
39,OH,2014,3.9458947187042153,
39,OH,2015,4.069867492686283,
39,OH,2016,1.6752577319587592,
39,OH,2017,1.722955597462704,
39,OH,2018,1.5580857803270225,
39,OH,2019,1.1968880909634914,1.5967730409119127
39,OH,2020,1.0848376981100043,1.4673092573339093
39,OH,2021,0.994813366210352,1.4964392857575528
39,OH,2022,1.104972375690603,1.2337253430439885
39,OH,2023,0.9315718157181517,1.3246806330063645
39,OH,2024,2.453418767388901,1.3212793093986106
40,OK,2010,19.760638297872333,
40,OK,2011,19.55661124307204,
40,OK,2012,19.402985074626848,
40,OK,2013,20.186818889465485,
40,OK,2014,24.516627996906404,
40,OK,2015,32.11454870877012,
40,OK,2016,31.109979633401203,
40,OK,2017,25.216065073716308,
40,OK,2018,24.676642150646714,
40,OK,2019,30.29537995455692,19.920708134592857
40,OK,2020,30.693568726355604,25.243858390266862
40,OK,2021,26.120711244678176,27.418948502322166
40,OK,2022,28.347826086956516,25.80097068637013
40,OK,2023,23.800147674132408,24.92379893624329
40,OK,2024,33.38213762811125,19.227230599607243
41,OR,2010,12.063574778530475,
41,OR,2011,8.675445391169628,
41,OR,2012,8.282051282051272,
41,OR,2013,7.415902140672783,
41,OR,2014,8.877679697351814,
41,OR,2015,9.305797462055232,
41,OR,2016,4.593207915954061,
41,OR,2017,4.364600916325045,
41,OR,2018,5.9751434034416775,
41,OR,2019,5.241935483870958,4.3126787694011295
41,OR,2020,3.440150801131008,4.487033582733224
41,OR,2021,4.018801410105755,3.751859936713452
41,OR,2022,4.639660857277434,3.9262059337297064
41,OR,2023,4.117647058823522,4.489412157164519
41,OR,2024,7.127784290738565,4.366791216086045
42,PA,2010,6.057745260010991,
42,PA,2011,8.229387306817255,
42,PA,2012,6.7742188111833075,
42,PA,2013,7.097026604068804,
42,PA,2014,5.651969981238253,
42,PA,2015,5.684128225175882,
42,PA,2016,8.844228964654343,
42,PA,2017,7.073075420085944,
42,PA,2018,8.345694433601345,
42,PA,2019,7.266192671302418,7.790745574491048
42,PA,2020,6.048014773776508,7.207404064394278
42,PA,2021,7.597756779595874,4.7881434952736805
42,PA,2022,7.454755487100458,4.986598114049608
42,PA,2023,6.587746944423065,4.967213967438388
42,PA,2024,6.760692932699665,4.978014714723998
44,RI,2010,5.8823529411764675,
44,RI,2011,8.159392789373811,
44,RI,2012,6.161137440758293,
44,RI,2013,4.734848484848484,
44,RI,2014,5.203405865657521,
44,RI,2015,4.162724692526017,
44,RI,2016,2.835538752362949,
44,RI,2017,2.7436140018921473,
44,RI,2018,3.8715769593956555,
44,RI,2019,2.3629489603024574,2.813360773921938
44,RI,2020,2.4635036496350358,2.6943431216391884
44,RI,2021,1.6408386508659967,1.688908172418312
44,RI,2022,1.8214936247723124,1.8253306504603284
44,RI,2023,2.8156221616712074,1.9263715390612477
44,RI,2024,2.0720720720720713,1.7460571598072117
45,SC,2010,2.7178602243313157,
45,SC,2011,2.9317355018189564,
45,SC,2012,2.9243483788938294,
45,SC,2013,3.0214015946286192,
45,SC,2014,2.631033768386155,
45,SC,2015,2.879901960784308,
45,SC,2016,1.0276042716099116,
45,SC,2017,0.3182812810821556,
45,SC,2018,0.5106048703849162,
45,SC,2019,0.8530438154323366,0.7430217311277594
45,SC,2020,0.5455962587685103,0.919665627677237
45,SC,2021,0.712360415864458,0.702534729966263
45,SC,2022,0.6050293061070144,0.5922831007637315
45,SC,2023,0.5564830272676681,0.6695994693343021
45,SC,2024,1.5118397085610176,0.5630174988934062
46,SD,2010,22.916666666666664,
46,SD,2011,18.56796116504854,
46,SD,2012,17.62589928057554,
46,SD,2013,19.09845788849347,
46,SD,2014,15.294117647058822,
46,SD,2015,16.02339181286549,
46,SD,2016,12.384259259259258,
46,SD,2017,12.814645308924483,
46,SD,2018,8.191126279863479,
46,SD,2019,9.019165727170234,8.132579253997765
46,SD,2020,6.981981981981981,7.662518795379334
46,SD,2021,4.0178571428571415,7.057160448703278
46,SD,2022,2.75027502750275,5.807657740452338
46,SD,2023,2.178649237472766,4.889623465069309
46,SD,2024,4.099244875943903,4.376398280622292
47,TN,2010,0.9439899307740679,
47,TN,2011,1.5,
47,TN,2012,0.9448574969021056,
47,TN,2013,0.677235647221792,
47,TN,2014,1.115355233002289,
47,TN,2015,1.2888551933282764,
47,TN,2016,1.262967974740638,
47,TN,2017,1.3849590469099002,
47,TN,2018,1.091767483033342,
47,TN,2019,0.8491947291361628,1.1807076773909717
47,TN,2020,0.6062355658198602,0.8955886339657804
47,TN,2021,0.602841969283765,0.6130315558123256
47,TN,2022,1.2742460710746124,0.689437470134753
47,TN,2023,0.908709632322102,0.9670788777606178
47,TN,2024,0.8688456764584191,0.8374996803861301
48,TX,2010,6.608034228666483,
48,TX,2011,6.047726741012227,
48,TX,2012,7.004293819966218,
48,TX,2013,6.55966767371599,
48,TX,2014,6.5163372028334745,
48,TX,2015,7.634060213331348,
48,TX,2016,7.021566239163108,
48,TX,2017,6.369516807465253,
48,TX,2018,5.848034934497785,
48,TX,2019,5.312726394590646,5.787769778845691
48,TX,2020,4.329981530884447,5.52148072813491
48,TX,2021,4.568356270922776,3.828973074077914
48,TX,2022,4.552095092635612,3.6906825536270067
48,TX,2023,4.642078192649478,4.170484270962385
48,TX,2024,8.818927807401211,4.124385225148274
49,UT,2010,5.4414414414414365,
49,UT,2011,5.150976909413845,
49,UT,2012,4.9754730203223545,
49,UT,2013,7.0369092790617405,
49,UT,2014,4.560925799863852,
49,UT,2015,5.16085790884718,
49,UT,2016,10.775295663600525,
49,UT,2017,8.408505154639169,
49,UT,2018,6.497622820919172,
49,UT,2019,6.5563534186699925,7.776901889881159
49,UT,2020,3.3495736906211913,8.642048705415332
49,UT,2021,1.5568862275449082,5.145667077250274
49,UT,2022,1.2374779021803168,4.278331259516465
49,UT,2023,4.2041171354015585,3.731200103025641
49,UT,2024,2.2266628604053644,3.60592514902171
50,VT,2010,19.329073482428115,
50,VT,2011,25.039872408293462,
50,VT,2012,25.878594249201278,
50,VT,2013,20.893141945773525,
50,VT,2014,20.926517571884983,
50,VT,2015,18.849840255591054,
50,VT,2016,13.461538461538456,
50,VT,2017,5.92,
50,VT,2018,11.68,
50,VT,2019,7.8525641025641,12.801255653539489
50,VT,2020,5.132192846034214,11.001515674402755
50,VT,2021,6.182380216383308,7.426194619631166
50,VT,2022,7.870370370370368,6.62013901560417
50,VT,2023,9.104938271604935,7.0199591212350985
50,VT,2024,17.619783616692427,6.343413855134854
51,VA,2010,4.212362911266188,
51,VA,2011,3.7027894347074723,
51,VA,2012,3.395627213875644,
51,VA,2013,3.5125968992247887,
51,VA,2014,2.7540589296452147,
51,VA,2015,3.4540456555515706,
51,VA,2016,1.698740793537651,
51,VA,2017,1.5228426395939045,
51,VA,2018,1.398190576900479,
51,VA,2019,0.93490709360757,1.205618707897764
51,VA,2020,0.960981822392031,0.8029728391207002
51,VA,2021,0.8083140877598151,0.7283789873799467
51,VA,2022,0.8063587144338186,0.7342339159585389
51,VA,2023,1.21392579019697,0.8588489785900618
51,VA,2024,1.4399092970521519,0.800434553372158
53,WA,2010,3.23298235206881,
53,WA,2011,2.6512377325325858,
53,WA,2012,3.4497753297579323,
53,WA,2013,2.828021820269878,
53,WA,2014,3.1878719183904765,
53,WA,2015,3.0138133110087844,
53,WA,2016,1.821917808219178,
53,WA,2017,2.0193861066235828,
53,WA,2018,2.417962003454224,
53,WA,2019,2.6136065143157268,1.6698882565348463
53,WA,2020,2.2259609162676286,1.693305237911028
53,WA,2021,2.1177685950413183,1.9212526493641193
53,WA,2022,2.439964042635156,1.929480504214692
53,WA,2023,2.7299400433728747,2.083479442918699
53,WA,2024,3.405650857719472,2.264640504804677
54,WV,2010,7.605177993527503,
54,WV,2011,4.254173397953686,
54,WV,2012,4.3080236941303145,
54,WV,2013,3.3423180592991897,
54,WV,2014,4.808211777417609,
54,WV,2015,7.650569723277261,
54,WV,2016,9.17030567685589,
54,WV,2017,12.699285321605267,
54,WV,2018,11.849390919158358,
54,WV,2019,7.9108635097493,9.838261798922044
54,WV,2020,5.859374999999997,7.115715729328083
54,WV,2021,5.9350503919372875,6.643198973911979
54,WV,2022,5.693348365276208,6.053597017215494
54,WV,2023,10.790960451977398,5.452521347601944
54,WV,2024,15.393322014714203,5.895373027276701
55,WI,2010,8.873660165173058,
55,WI,2011,6.922537679635469,
55,WI,2012,7.009264114665262,
55,WI,2013,7.842453816660841,
55,WI,2014,7.7003302624717485,
55,WI,2015,6.680548325524889,
55,WI,2016,2.199134199134197,
55,WI,2017,2.2613499050578265,
55,WI,2018,2.2895506971940036,
55,WI,2019,2.094420600858366,1.9363319715345249
55,WI,2020,1.712735289130062,1.6650530442498719
55,WI,2021,1.5980958857531398,1.4749657316208862
55,WI,2022,2.2530916483144123,1.4752730237668201
55,WI,2023,1.8381112984822905,1.805897580231703
55,WI,2024,4.7842873929830345,1.8006838658880024
56,WY,2010,12.389380530973447,
56,WY,2011,14.638447971781304,
56,WY,2012,11.611785095320625,
56,WY,2013,13.379073756432245,
56,WY,2014,14.236706689536875,
56,WY,2015,14.675767918088738,
56,WY,2016,11.111111111111109,
56,WY,2017,27.24137931034482,
56,WY,2018,9.844559585492227,
56,WY,2019,12.58620689655172,14.962028526440228
56,WY,2020,11.5916955017301,10.282071449680389
56,WY,2021,11.551724137931032,13.678290349420799
56,WY,2022,9.278350515463917,11.52711612403124
56,WY,2023,17.948717948717945,11.254857427290434
56,WY,2024,20.78364565587734,9.972877749024981
