state_fips,state_name,year,actual_saidi,predicted_saidi,actual_saifi,predicted_saifi
01,Alabama,2013,237.27728933757638,,1.44692999922217,
01,Alabama,2014,206.09764182569967,,1.4762803730571563,
01,Alabama,2015,212.25637542886318,,1.6993627065337469,
01,Alabama,2016,174.77935808153384,,1.5710655501435298,
01,Alabama,2017,314.46030008021467,,1.9586623282026367,
01,Alabama,2018,307.96222698640184,,1.5221041467242955,
01,Alabama,2019,174.13579431313093,342.54061185943,1.4104429066883073,1.677796008236245
01,Alabama,2020,1743.4983557516452,371.43411549618116,2.3805756776026104,1.8066365322302944
01,Alabama,2021,252.81467136100795,506.87734012339246,1.515870738490039,1.7909018028345902
01,Alabama,2022,210.06216718440314,471.0048181858922,1.44778113491906,1.7867972561842898
01,Alabama,2023,294.17694855824925,463.92392393318727,1.5737230793061663,1.7720864654829716
01,Alabama,2024,279.3831726440878,413.355966232956,1.8695453548582779,1.6057347597414895
02,Alaska,2013,360.7465957194702,,2.302073881276949,
02,Alaska,2014,313.8121434079714,,2.4835207431697413,
02,Alaska,2015,605.4438019385096,,2.5554299644732863,
02,Alaska,2016,192.48515248963025,,2.2610774117453047,
02,Alaska,2017,152.66185976742267,,1.7094751238508543,
02,Alaska,2018,335.34698162957386,,3.136743688650547,
02,Alaska,2019,280.11513261363876,357.88053193421507,2.1917384564347473,2.1609207600566607
02,Alaska,2020,268.0115688125866,361.1094109969066,2.194897617279739,2.0537078321261437
02,Alaska,2021,379.07736481269467,365.6207530624781,2.132376414441279,2.107568629508544
02,Alaska,2022,575.2321389139661,368.09588842836297,3.523295502930674,2.0361320481960004
02,Alaska,2023,374.8493516921882,405.5048693802415,2.701473062192035,2.296358060513534
02,Alaska,2024,327.14534291613245,356.55282095155735,2.5907533625268484,2.220647469951968
04,Arizona,2013,75.24231593565487,,0.8239905330507438,
04,Arizona,2014,87.15246548575628,,0.8404116487950426,
04,Arizona,2015,90.85188318081416,,0.856916365630906,
04,Arizona,2016,86.25485554426275,,0.833143713001529,
04,Arizona,2017,90.70968367975455,,0.8845506045685828,
04,Arizona,2018,114.64008255955993,,0.9427172088346649,
04,Arizona,2019,85.81014548907116,160.0069708390323,0.8864263618779659,0.9781524858181587
04,Arizona,2020,71.93532791243383,152.71667965494228,0.8177716352572686,0.9389695187278977
04,Arizona,2021,106.17583069899571,162.80188811823498,1.2197141955608732,0.9249686843165399
04,Arizona,2022,139.73404020671188,161.00658017374417,1.0526853664878404,0.9033328565597205
04,Arizona,2023,106.83618870810938,168.58951755760714,0.9840589138183179,0.948083129799291
04,Arizona,2024,87.4664159498614,169.3633147231554,0.9876980134118977,0.9491147861517882
05,Arkansas,2013,276.7293312457708,,1.7959841309018172,
05,Arkansas,2014,235.12598920897742,,1.7928459833876798,
05,Arkansas,2015,306.7377133496985,,1.9815322967213398,
05,Arkansas,2016,397.33417560297835,,2.0329517890369897,
05,Arkansas,2017,395.4337017496095,,2.045697089506903,
05,Arkansas,2018,322.87994969113004,,1.7707283541970282,
05,Arkansas,2019,437.7143584313132,401.5886756945207,1.9339914614254912,1.842180032785274
05,Arkansas,2020,708.4399618963339,409.64842749139797,1.8328523542997441,1.884789747472388
05,Arkansas,2021,315.89988370299034,457.75537744724335,1.6579592286240767,1.8263982218035086
05,Arkansas,2022,415.53505837795365,482.89983088248397,2.11026610901656,1.850190439773018
05,Arkansas,2023,911.2385574105904,508.478636895713,2.1023152214476166,1.9730649873917683
05,Arkansas,2024,509.07169765826217,515.0975377645667,2.1275760561353723,1.9963065146519239
06,California,2013,98.94852332224741,,0.8325785820573407,
06,California,2014,108.80178868567953,,0.9114256218800207,
06,California,2015,118.36214961658214,,0.9249704805302409,
06,California,2016,117.06260723035324,,1.0267744492403912,
06,California,2017,233.44379393451516,,1.2841212853967965,
06,California,2018,195.21543955951245,,0.9545930329793818,
06,California,2019,587.5750513873991,243.7137525495432,1.261246824269472,1.1970884373246327
06,California,2020,267.0754027722461,256.49879354222963,1.0772032301171162,1.0946888399575214
06,California,2021,325.21908027112084,309.5488866838365,1.3093006959155178,1.1390017566275559
06,California,2022,198.50223447265842,300.33349640709974,1.2476880536513468,1.2176845952907895
06,California,2023,346.5726581805323,289.89519420213657,1.397105081013725,1.1859380540100264
06,California,2024,279.640706666216,312.0799087295813,1.3446809999525509,1.2581335669738891
08,Colorado,2013,128.99623228861435,,1.086781141680387,
08,Colorado,2014,84.03886129352281,,0.9265546029938866,
08,Colorado,2015,110.059592412814,,1.0110439589716858,
08,Colorado,2016,165.45878197569897,,1.1550532212762261,
08,Colorado,2017,228.51386179390394,,1.193138446152468,
08,Colorado,2018,113.28599665017772,,0.9730758201162507,
08,Colorado,2019,180.52829810146682,166.23851331070765,1.0789994037771438,1.0350487636978207
08,Colorado,2020,134.20774290448682,194.20191233306977,0.9981139883536563,1.058967645562404
08,Colorado,2021,180.90345031917798,213.33360583121296,1.1029714439382226,1.0645485656340086
08,Colorado,2022,141.5320402681416,238.0802728370512,1.0313252712243712,1.0654040837470806
08,Colorado,2023,99.15140962676688,226.82915518351237,0.9154267049229039,1.0671181162526941
08,Colorado,2024,255.0533508573595,200.7322893283659,1.40881180316245,1.0037119919409963
09,Connecticut,2013,179.60753690813027,,0.9308053157380924,
09,Connecticut,2014,86.29502518978309,,0.7421273085005385,
09,Connecticut,2015,103.31455971509281,,0.700194712485833,
09,Connecticut,2016,174.04556590022457,,1.0626797073144763,
09,Connecticut,2017,291.3296094098203,,0.9469488733415726,
09,Connecticut,2018,655.5375747485391,,1.2546832681903155,
09,Connecticut,2019,236.36419934959815,312.20299952901536,0.971349696162426,1.1107725475317336
09,Connecticut,2020,2642.6328790395414,301.7577588686368,1.8270305833227662,1.088986528358689
09,Connecticut,2021,145.2269522911276,302.5991223256304,0.8953460788148134,1.1556567640755102
09,Connecticut,2022,157.40326124729847,330.8589470584598,0.8205168711683517,1.098406500486856
09,Connecticut,2023,164.64397615334147,314.34224014983823,0.8718820415177247,0.9844633418836082
09,Connecticut,2024,153.64120345932508,250.67928931307878,0.8755382875637482,0.9995360767762659
10,Delaware,2013,157.71532108984627,,1.4600155689431713,
10,Delaware,2014,169.05767049681324,,1.4154359681926934,
10,Delaware,2015,189.9048015604076,,1.52150436760669,
10,Delaware,2016,149.09695839406336,,1.3500675235213278,
10,Delaware,2017,153.91430360836773,,1.127501917760651,
10,Delaware,2018,135.91024628063585,,1.0319628050296623,
10,Delaware,2019,101.55153172334084,209.69988518533546,0.9760483582662244,1.1923721224912491
10,Delaware,2020,271.8529881971197,238.16607385645415,1.5104779404235569,1.2568671970395011
10,Delaware,2021,64.33619333804417,253.67595065955365,0.9626996954355584,1.2856741065741892
10,Delaware,2022,79.7588344434396,210.61182019096336,0.8533155936372978,1.1861356285068183
10,Delaware,2023,108.15338681427453,227.44091293414073,0.8301128703029118,1.16653523693522
10,Delaware,2024,116.1312313284075,202.3165276373943,0.8427353602683016,1.024871154285589
11,District of Columbia,2013,124.0,,0.88,
11,District of Columbia,2014,96.0,,0.69,
11,District of Columbia,2015,112.43,,0.686,
11,District of Columbia,2016,115.0,,0.82,
11,District of Columbia,2017,57.53,,0.553,
11,District of Columbia,2018,109.24,,0.643,
11,District of Columbia,2019,77.0,158.39180265877332,0.59,0.737713248219622
11,District of Columbia,2020,44.0,183.08881797190773,0.4,0.6917954865385136
11,District of Columbia,2021,52.0,153.71550942026283,0.45,0.5396549262723886
11,District of Columbia,2022,33.687,148.04064077404882,0.302,0.5676885136400756
11,District of Columbia,2023,71.87,140.72336305948573,0.37,0.5788955726944349
11,District of Columbia,2024,32.582,148.663552302201,0.271,0.5577080783094819
12,Florida,2013,87.00365233314649,,1.1256640306559984,
12,Florida,2014,92.087079393026,,1.1476225469465797,
12,Florida,2015,85.42665971638513,,1.0909995605924578,
12,Florida,2016,352.0645223240301,,1.3570250663707368,
12,Florida,2017,2504.1938626335445,,2.0169559915276305,
12,Florida,2018,325.35706008045975,,1.1287870602042434,
12,Florida,2019,88.99183221067221,385.4263100177215,1.012147101658008,1.3168860150217891
12,Florida,2020,188.74920844858323,321.9291758692795,1.1707254568288237,1.3232062089061456
12,Florida,2021,80.83518437147286,257.6493859050643,0.9289101913942139,1.1754994297581725
12,Florida,2022,1146.33618566219,273.26868375724075,1.4801514674164606,1.1094502276945455
12,Florida,2023,160.10073141644915,313.0778004553302,1.0149027264322636,1.320394959470095
12,Florida,2024,1321.4609606204276,266.93567036608187,1.7699946564361773,1.1853679352038378
13,Georgia,2013,151.5697313213594,,1.3273499163600568,
13,Georgia,2014,246.29071148084628,,1.507899843180474,
13,Georgia,2015,243.72009095099816,,1.5387886829498056,
13,Georgia,2016,424.41475427466963,,1.5259200960191979,
13,Georgia,2017,1049.190149811334,,2.4494603827371244,
13,Georgia,2018,373.21302821041587,,1.5569285393831833,
13,Georgia,2019,152.26135157552397,406.03790806240437,1.3815794448759742,1.7476126072108826
13,Georgia,2020,509.89675677682555,457.17540825486583,1.9644753378745257,1.8308387281129048
13,Georgia,2021,145.81497060404985,405.45837178876,1.3172208683665405,1.8188542420456915
13,Georgia,2022,264.258780432477,395.57349260170577,1.6952107038755482,1.8120311679611196
13,Georgia,2023,349.2345361314826,389.09156147147723,1.8853524239425188,1.7333171872255515
13,Georgia,2024,1229.0600721370781,362.6789923987149,2.121997026766475,1.8192720124478319
15,Hawaii,2013,144.99997535939352,,2.130443050424948,
15,Hawaii,2014,262.49280123934744,,2.3071259010561787,
15,Hawaii,2015,266.09017080380164,,2.9861277713803784,
15,Hawaii,2016,128.71523652449523,,1.896506768499962,
15,Hawaii,2017,252.33858711196092,,2.091647617536474,
15,Hawaii,2018,191.38439168462565,,1.9589584731535232,
15,Hawaii,2019,195.19338337791996,307.0429278480096,2.0503736711160334,2.130179920568197
15,Hawaii,2020,118.69183532499143,259.8422376037697,1.2171109329443175,1.727415056738153
15,Hawaii,2021,229.65162718951967,269.7550388400222,1.5999562274600976,1.6467756380772887
15,Hawaii,2022,187.24596698901945,282.66377215196417,1.6471055373832237,1.5410125108358268
15,Hawaii,2023,491.83274514486925,282.9789086037541,1.7878370602551374,1.6250450327314152
15,Hawaii,2024,320.61139162014376,291.0028788914657,2.615960282870013,1.732767752063039
16,Idaho,2013,260.986094501082,,1.643772043804924,
16,Idaho,2014,245.19188100219688,,1.2865460766408918,
16,Idaho,2015,465.3362659813735,,1.7435936061731698,
16,Idaho,2016,197.2028502879328,,1.3511883763744241,
16,Idaho,2017,313.82884183685843,,1.6931865398128074,
16,Idaho,2018,174.10479748828968,,1.1980347917117986,
16,Idaho,2019,166.6373779653163,300.4187753967083,1.2427452689634315,1.3491457549238013
16,Idaho,2020,324.9156493931651,309.143104980228,1.5890655300395709,1.3286475136470797
16,Idaho,2021,475.15005143308787,330.4643001616162,1.7789979922679504,1.3934284947041717
16,Idaho,2022,180.72249012040317,361.15559256772167,1.1676601495700363,1.4551354736343782
16,Idaho,2023,137.48469243194987,333.92890164708166,1.0706070191930386,1.3426841943510506
16,Idaho,2024,232.75989318059257,282.085452874705,1.3139381855536265,1.2251551398171767
17,Illinois,2013,181.8247268442045,,1.1002536149804572,
17,Illinois,2014,195.73262401781543,,1.1257086540666492,
17,Illinois,2015,169.30849945081255,,1.1112851809289346,
17,Illinois,2016,134.9222044834549,,1.0225165816673143,
17,Illinois,2017,119.6959254805408,,0.9258079396473838,
17,Illinois,2018,142.8762131545497,,0.9160729548819617,
17,Illinois,2019,116.20034587656967,217.61671394839485,0.9255857975596088,0.9960160521806325
17,Illinois,2020,331.1257198269428,222.45698194379014,0.9238400208213389,1.0434282376797712
17,Illinois,2021,127.01912011004686,256.80951442009086,0.9067746466258488,0.9271207429483505
17,Illinois,2022,90.42092565632295,259.04384245276697,0.7607116894087291,0.9896867919217693
17,Illinois,2023,208.21111942159544,262.53704687874756,0.8354556289362485,0.9315194540027624
17,Illinois,2024,156.88297766852847,240.0778172508294,0.8524284778482266,0.9073744770119552
18,Indiana,2013,231.7512265204064,,1.1804181500377606,
18,Indiana,2014,239.93130681407837,,1.279552860767644,
18,Indiana,2015,244.024821470921,,1.2625087394550056,
18,Indiana,2016,252.50277215811562,,1.3356232238481716,
18,Indiana,2017,212.40719970476755,,1.2699497089266563,
18,Indiana,2018,285.90817020376954,,1.4565568622617844,
18,Indiana,2019,260.59416542240285,287.62225410190194,1.503255086248015,1.3316122133241597
18,Indiana,2020,280.12412095073785,305.37848769787234,1.289154434990823,1.4704495383687262
18,Indiana,2021,285.8453448381083,353.9582343749818,1.3578039563848212,1.3999425129447085
18,Indiana,2022,279.3475857733806,330.98688809684285,1.4306051727971227,1.4061029848114592
18,Indiana,2023,455.4279293911309,335.63974990809993,1.4466100658138363,1.4375991199292928
18,Indiana,2024,312.3760354670505,332.4443523116102,1.2830013717984496,1.356141854608229
19,Iowa,2013,124.62100003090232,,0.9599515093020693,
19,Iowa,2014,164.6911777098207,,1.2006619276755153,
19,Iowa,2015,96.76269428538534,,0.964116602809418,
19,Iowa,2016,117.65191119240224,,1.0492050194625222,
19,Iowa,2017,118.97214903705157,,1.0015274347805,
19,Iowa,2018,126.83653822094836,,1.014703343799217,
19,Iowa,2019,122.84477979809857,184.17672671968913,1.0800946230341681,0.9948171559896206
19,Iowa,2020,1758.65371555459,190.62845035620518,1.4865186705648994,1.021428945590504
19,Iowa,2021,133.0666291855218,230.42962838095647,0.9234139297107429,1.1125441998133625
19,Iowa,2022,85.81862202903056,243.29234798857198,0.8883537914328513,1.1172820296954165
19,Iowa,2023,104.93428954968275,222.38573047402903,0.9065807461585214,1.0347337234237017
19,Iowa,2024,166.74941590682675,195.80068030535938,1.1503774386256809,0.9602533422462604
20,Kansas,2013,255.53451272751533,,1.571226390390681,
20,Kansas,2014,152.3894036031575,,1.3482060981169492,
20,Kansas,2015,347.3148577428621,,1.6286458647028694,
20,Kansas,2016,167.7562868258492,,1.4082543944702544,
20,Kansas,2017,364.7610438700434,,1.4807538885156586,
20,Kansas,2018,154.84844444878078,,1.167842883300035,
20,Kansas,2019,240.01428592828904,237.809871731075,1.368357222804032,1.2897198506511705
20,Kansas,2020,107.10973557808789,234.02685976033524,0.9450151509047601,1.2391661119401591
20,Kansas,2021,341.47013190889237,246.25377971186813,1.5335394363691355,1.1255709375885394
20,Kansas,2022,178.8324920559714,255.92329132597482,1.3207789440168454,1.2318605970770728
20,Kansas,2023,283.11922593606226,260.97834490823453,1.3175847788828692,1.3282923305851106
20,Kansas,2024,285.5969186845083,242.15519139040495,1.5055926455163684,1.2310382391197716
21,Kentucky,2013,176.11317379959542,,1.5022844172564993,
21,Kentucky,2014,246.80151849874483,,1.6503232766193356,
21,Kentucky,2015,243.9110873127123,,1.5882732057069155,
21,Kentucky,2016,191.85524488303244,,1.4569427373354569,
21,Kentucky,2017,194.11928437207033,,1.3466455551266365,
21,Kentucky,2018,406.2110887014886,,1.7846325652562742,
21,Kentucky,2019,203.29516439356738,310.4869998252368,1.6102053381327497,1.4707486850249127
21,Kentucky,2020,282.3528473741056,308.47568436857944,1.3509060321672957,1.707382744311902
21,Kentucky,2021,707.7535387097045,331.37513449565756,1.5294407418708718,1.5495877423796474
21,Kentucky,2022,345.80222825433657,305.2255457218392,1.781294564981899,1.5065624838342597
21,Kentucky,2023,868.2382069966785,319.3409461258555,1.9028923470439303,1.6360336405021103
21,Kentucky,2024,648.2791536168538,369.9600428901572,1.9546281759458628,1.7031319176561477
22,Louisiana,2013,327.756054696333,,2.5400016860632477,
22,Louisiana,2014,310.4335321710097,,2.3867385809877653,
22,Louisiana,2015,361.09147800253646,,2.2663741968523854,
22,Louisiana,2016,392.87816401090356,,2.1176748821539277,
22,Louisiana,2017,390.6324306072626,,2.289307113052105,
22,Louisiana,2018,276.0244919829783,,2.0955848096001124,
22,Louisiana,2019,472.25648281626997,443.61627308931685,2.165830078464461,2.2144014398323346
22,Louisiana,2020,3624.441022489741,393.40450094639993,3.2283103665224604,2.040657353075392
22,Louisiana,2021,4811.069817653494,692.7521084295687,3.295476656394287,2.4048240543599606
22,Louisiana,2022,303.9502729636286,694.0710698987751,2.0766275851375684,2.452872113497678
22,Louisiana,2023,584.1618319975079,606.1509859450375,2.1235491656565673,2.329818478576615
22,Louisiana,2024,727.4545066861165,650.8231671882329,2.722195998817752,2.2872196886695364
23,Maine,2013,971.3439678999712,,2.8935582001799247,
23,Maine,2014,1049.271697616898,,5.1226827485286766,
23,Maine,2015,213.60815264069055,,1.8708138313478884,
23,Maine,2016,535.3977462301062,,2.6934903640498713,
23,Maine,2017,2492.5773180443257,,2.814172547607568,
23,Maine,2018,665.3228693803024,,2.8012682068053554,
23,Maine,2019,908.1343880462387,800.0870183148274,2.525146775084352,2.578242848888327
23,Maine,2020,1725.0007120261635,798.3240878062703,3.8631633115581416,2.401030767384807
23,Maine,2021,325.15597851471273,836.9101984930965,2.4920367394165854,2.6873357879348525
23,Maine,2022,963.6127831105224,749.8395705055335,3.000691680181245,2.79128166139703
23,Maine,2023,1862.9701507858308,827.8982308893051,3.313993505461557,2.657932751794769
23,Maine,2024,1748.5669386839716,800.7141281860994,3.635690269590139,2.7383058710103114
24,Maryland,2013,116.7609280984508,,1.1234541230234703,
24,Maryland,2014,244.84492645420778,,1.2652062884573476,
24,Maryland,2015,124.39607516632705,,1.088879436573004,
24,Maryland,2016,120.30428548158584,,1.0919607826516073,
24,Maryland,2017,116.47049058051762,,0.9700173694352112,
24,Maryland,2018,337.14830748389033,,1.2961705905362142,
24,Maryland,2019,141.3373840745244,232.51099051195467,1.0494165461769034,1.0784592569191356
24,Maryland,2020,120.34746973286528,279.2281819874355,0.9560379606839479,1.2288815693504935
24,Maryland,2021,127.10054764937709,267.3577651550855,0.9624096751523199,1.015476218197863
24,Maryland,2022,259.0736646347478,227.13158417402397,1.156041006614287,1.013675974322959
24,Maryland,2023,166.2165369912945,250.38611570829764,0.919792574120691,1.0431848345632404
24,Maryland,2024,118.08862309299401,218.86408059306558,0.8170809222512362,0.9423591771574693
25,Massachusetts,2013,427.2510987386331,,1.1290956957121796,
25,Massachusetts,2014,124.4761414526159,,0.9558348952182116,
25,Massachusetts,2015,91.1718574987587,,0.7871814070965477,
25,Massachusetts,2016,144.91541519505392,,0.9905631821100445,
25,Massachusetts,2017,275.49358053448844,,1.0872328535026166,
25,Massachusetts,2018,813.3054528115277,,1.5517520897378876,
25,Massachusetts,2019,250.21190115330975,310.958466908805,1.2239399543239773,1.1738664134445118
25,Massachusetts,2020,318.9088123295709,392.6194015752035,1.3020007287455528,1.2402152061911007
25,Massachusetts,2021,518.6603788491832,422.6108695989646,1.2166339898161282,1.3852643048268036
25,Massachusetts,2022,163.15418659558657,351.3818683971392,1.080353618265813,1.265179916505878
25,Massachusetts,2023,259.4049445328097,386.1236632061796,1.057216072056251,1.1845815350147426
25,Massachusetts,2024,101.984413884121,335.74111447571704,0.8433504671876976,1.1406046750836794
26,Michigan,2013,782.2940578321179,,1.523163788761608,
26,Michigan,2014,574.670152181065,,1.212914090010408,
26,Michigan,2015,363.3836200614259,,1.140903321850242,
26,Michigan,2016,267.77391775375867,,1.1461753275128417,
26,Michigan,2017,778.8378460906333,,1.4138705769153035,
26,Michigan,2018,442.8644677391504,,1.372903371564923,
26,Michigan,2019,554.8618220179396,447.1970901412704,1.5348484650283563,1.3920062957447248
26,Michigan,2020,410.6536195742837,516.4550283244378,1.3837435422415871,1.4859451279642022
26,Michigan,2021,873.2717547703172,470.20871502956544,1.6556057580102657,1.4895399655505133
26,Michigan,2022,513.1258990931727,487.90022054664377,1.3391739604825679,1.4068876197861595
26,Michigan,2023,1093.6212618587103,505.9445380035433,1.5116238156831843,1.4714962236959086
26,Michigan,2024,470.43671494729006,489.88920562609536,1.356475037655397,1.4350276716985175
27,Minnesota,2013,367.1698206640832,,1.2151917538423875,
27,Minnesota,2014,119.43074562187294,,0.994819094556822,
27,Minnesota,2015,154.50094856928305,,0.9694863672949781,
27,Minnesota,2016,301.1772237935289,,1.1934111479153642,
27,Minnesota,2017,129.6530945174027,,0.9456295436627496,
27,Minnesota,2018,127.41416451034188,,1.016237491535866,
27,Minnesota,2019,150.0885362275002,170.22703439792247,0.9938334871980126,0.9414449722015737
27,Minnesota,2020,127.5804497230019,188.55891929896936,1.0360058851996055,1.0148464133025206
27,Minnesota,2021,120.94679673446326,188.1956993400892,1.0412761513174864,1.0313085512609044
27,Minnesota,2022,273.6968575672685,201.28399848257033,1.209555256337458,1.053698637576373
27,Minnesota,2023,126.38348383647023,198.9303673882434,0.9728055968950496,1.0220860937319436
27,Minnesota,2024,219.62099420217862,208.64812302361025,1.2504041171042126,1.0360354087552128
28,Mississippi,2013,198.35705042452028,,1.7076559890407348,
28,Mississippi,2014,225.95469734906328,,1.7136816032626696,
28,Mississippi,2015,310.3867863425645,,1.9693331956979525,
28,Mississippi,2016,277.35606171606156,,1.927033863114242,
28,Mississippi,2017,566.8135129866008,,2.195599655623261,
28,Mississippi,2018,267.5127972556326,,1.7623988080540631,
28,Mississippi,2019,536.4750263701218,413.80374711211687,2.0961490177326163,1.9993858035957315
28,Mississippi,2020,1496.6577277811227,416.4088265243117,2.5126095965201682,1.932693511077414
28,Mississippi,2021,1134.3987208588458,548.0484785236181,2.366704376101045,2.064354447685161
28,Mississippi,2022,448.46789756086133,539.1499691241647,2.428850929329859,2.1954087572659886
28,Mississippi,2023,802.138893472842,581.0219751596114,2.7172201661381465,2.364217975036702
28,Mississippi,2024,567.1087739289761,595.1813432344615,2.555400563048515,2.3457433282225217
29,Missouri,2013,319.9327280319033,,1.1338560670240343,
29,Missouri,2014,136.65202855950204,,1.0784069351717127,
29,Missouri,2015,171.08204336692083,,1.0577249887467528,
29,Missouri,2016,205.68454473079012,,1.049804673444254,
29,Missouri,2017,305.7559145550277,,1.200759435574543,
29,Missouri,2018,149.6037604518755,,0.9726288765651399,
29,Missouri,2019,255.22844906205216,233.61853687494187,1.297161874528489,1.1084908142816634
29,Missouri,2020,152.588305802446,257.29089094753374,0.9965329748284522,1.1916637344594443
29,Missouri,2021,259.71522875084764,255.3087630034376,1.2436065937559635,1.1557512024497807
29,Missouri,2022,148.02106596752358,267.49365736414114,1.0499110422392195,1.149420690852319
29,Missouri,2023,371.8230128973747,264.9161317833533,1.3145225876750732,1.1897100610095712
29,Missouri,2024,224.2801229393299,287.8742966076013,1.1888977173460742,1.1922459043707674
30,Montana,2013,161.67097867522412,,1.3634027316448687,
30,Montana,2014,138.77120919336988,,1.133586691039632,
30,Montana,2015,287.89481685107853,,1.7522771622682618,
30,Montana,2016,160.70759496814202,,1.2616161035491564,
30,Montana,2017,215.40876453740773,,1.5750507543436334,
30,Montana,2018,142.68178036296226,,1.2775997374765495,
30,Montana,2019,169.28377978521624,231.51230665553177,1.326965889478523,1.4649298553781704
30,Montana,2020,271.30407120956573,228.97538585248958,1.3635040697709777,1.394999820082013
30,Montana,2021,309.9399462497474,320.80867587759064,1.7057361509347402,1.3671410016072387
30,Montana,2022,225.63173192991192,296.89307223449435,1.376315418163424,1.5668944873745738
30,Montana,2023,118.67324419598376,274.16566762531596,1.0682803740387772,1.5042270185901045
30,Montana,2024,351.45696728710146,259.0635968890494,1.6207375189869415,1.3560190767818512
31,Nebraska,2013,125.69843564670647,,0.8379556555781066,
31,Nebraska,2014,123.04198670365854,,0.8692878194189121,
31,Nebraska,2015,86.2390000786589,,0.732086253554228,
31,Nebraska,2016,83.6164906121882,,0.674547466550951,
31,Nebraska,2017,154.33667061071006,,0.8791214427398603,
31,Nebraska,2018,188.17930336463314,,1.0852078756668755,
31,Nebraska,2019,84.03300347394295,191.42879668315476,0.6543871006969416,0.9303833764737144
31,Nebraska,2020,113.38334429067073,183.59837956264772,0.7896409210568645,0.8975580162607999
31,Nebraska,2021,516.0080614538837,188.879652040597,1.154376631248663,0.8414170980712303
31,Nebraska,2022,82.05611107359724,230.34537351869315,0.6084315015616366,0.893912176433851
31,Nebraska,2023,72.6392838670123,184.13154590350518,0.5583596490893972,0.8473807729357928
31,Nebraska,2024,641.7044253940389,184.55406320698538,1.2321386178617713,0.7598417145133388
32,Nevada,2013,68.21291234021763,,0.6168282119662766,
32,Nevada,2014,75.66769693966131,,0.7021070167333048,
32,Nevada,2015,106.95659393300859,,0.7310904835342442,
32,Nevada,2016,95.69782876711803,,0.8354059253912831,
32,Nevada,2017,114.4257922006667,,0.9048253075558128,
32,Nevada,2018,126.16011218699778,,0.9763426680005438,
32,Nevada,2019,87.00497484951279,156.33102973863868,0.814644587904746,0.9954978794239836
32,Nevada,2020,73.27989510324247,178.7603641094127,0.7215326374267628,0.9259587612954755
32,Nevada,2021,102.41507274861284,162.91579004894905,0.8373450034076454,0.8064339692930215
32,Nevada,2022,195.1233340617792,157.5028548366942,0.9842829312069715,0.7782485112518099
32,Nevada,2023,138.71142322471528,184.04070286441464,0.9420684843943014,0.834208174861521
32,Nevada,2024,158.86283376870333,195.75187444132806,1.107636770322585,0.9166883318912232
33,New Hampshire,2013,249.66508562968016,,2.173258558025526,
33,New Hampshire,2014,862.949281410218,,2.2643259695462756,
33,New Hampshire,2015,149.33485783482888,,1.383627113175621,
33,New Hampshire,2016,191.9934575414546,,1.5367760362792955,
33,New Hampshire,2017,1113.2824673805305,,2.2967680941651323,
33,New Hampshire,2018,508.83690632104447,,2.1729908994775498,
33,New Hampshire,2019,291.9621356915962,495.9341221131954,1.4293882397537032,1.883595625014131
33,New Hampshire,2020,499.4106228507459,495.6170645975831,1.8208137668258206,1.543713362324049
33,New Hampshire,2021,234.3939383703085,473.9833788994795,1.3682019878990463,1.6778890273693556
33,New Hampshire,2022,616.7236441702614,421.9210206542715,1.7831924877196204,1.4777078042640464
33,New Hampshire,2023,645.7851480438434,401.0913436191393,1.7526241481892821,1.471000224222197
33,New Hampshire,2024,922.6545453280531,484.6300946117141,2.020801491967189,1.6162077763900957
34,New Jersey,2013,165.82768476953183,,1.3329909262018758,
34,New Jersey,2014,112.03711197644675,,0.9531322693861635,
34,New Jersey,2015,260.5680089286296,,0.9911710472327611,
34,New Jersey,2016,137.23054181017386,,1.1537327677814302,
34,New Jersey,2017,85.80293797608424,,0.9344204654312078,
34,New Jersey,2018,509.72613585394754,,1.42132243583495,
34,New Jersey,2019,247.65354335293708,307.70400142641296,1.1903106693218712,1.2063564959447088
34,New Jersey,2020,965.1563855749545,320.69508736646486,1.5827370437351773,1.2989063225678577
34,New Jersey,2021,138.76230766025836,339.54199191053993,0.9998349333385729,1.3213817876792169
34,New Jersey,2022,89.6807724139113,352.2919958879634,0.8753686973805898,1.2581415106887808
34,New Jersey,2023,108.33860255647872,379.48413396342386,0.8805115365394708,1.2151315705035581
34,New Jersey,2024,174.24558751030344,314.6925295583813,1.1189103779394693,1.0925829343604647
35,New Mexico,2013,149.171618330648,,1.04002049071507,
35,New Mexico,2014,82.42081676458164,,0.8461349716638877,
35,New Mexico,2015,122.26041290828643,,1.1301788625245934,
35,New Mexico,2016,136.33479178479593,,1.4519756118152125,
35,New Mexico,2017,140.61650729725667,,1.2966327496767014,
35,New Mexico,2018,138.29156149664263,,1.146222581654663,
35,New Mexico,2019,170.16515006974362,192.2610882168196,1.2125457900578898,1.1591492878184684
35,New Mexico,2020,148.2423926213378,189.2105499241839,1.0104381693028737,1.1910545929867964
35,New Mexico,2021,221.1945158883761,219.61100291716747,1.4464654373191745,1.0962800670340274
35,New Mexico,2022,182.56384894406486,225.99435965595026,1.1662847463003347,1.1828824897715544
35,New Mexico,2023,168.92626170390906,222.5546336721938,1.2418032400273873,1.1266883582843168
35,New Mexico,2024,278.7868970269941,228.40944528750856,1.320622310313992,1.1603510004657598
36,New York,2013,124.05109503482966,,0.7230707818493449,
36,New York,2014,92.69399907954904,,0.6354720213727594,
36,New York,2015,86.52087901164177,,0.6711688675526168,
36,New York,2016,107.21101109631279,,0.782601135857059,
36,New York,2017,227.27945783840616,,0.8438750384129392,
36,New York,2018,405.5097204084122,,1.005105494117695,
36,New York,2019,170.9626491234668,270.7617357639754,0.875820555019405,0.95134088743849
36,New York,2020,407.7451369667935,268.76249326267106,0.9752762636829286,0.9971238489730532
36,New York,2021,141.9754361565562,299.62155401901805,0.8538955288990877,1.0247703125384287
36,New York,2022,202.96320333845807,294.041157531838,0.87209555223145,1.0078597081614404
36,New York,2023,119.97524301921884,271.906898633183,0.7246210646013004,0.8886322867001698
36,New York,2024,219.90047322535153,260.7447908878175,0.9099606044633373,0.8294834797729113
37,North Carolina,2013,226.64791819923818,,1.3410021809291175,
37,North Carolina,2014,481.85930163031674,,1.471343892418577,
37,North Carolina,2015,210.64369579808144,,1.336336994402323,
37,North Carolina,2016,824.6363162931508,,1.7896856201677824,
37,North Carolina,2017,263.9733539961373,,1.3341207237615733,
37,North Carolina,2018,1761.513431851504,,2.1675322012525946,
37,North Carolina,2019,287.62851781375537,417.9034773611025,1.4372487452689318,1.4898832193168636
37,North Carolina,2020,417.9019476169182,438.69775940590085,1.6966262425784528,1.7519400958664966
37,North Carolina,2021,205.48338756843785,424.70743742430267,1.2421105944856037,1.611485017333538
37,North Carolina,2022,456.2977152335357,369.74919451598936,1.9272395909640512,1.554299936921248
37,North Carolina,2023,252.00269060467298,370.25210770872303,1.5055907551382979,1.6126491064531197
37,North Carolina,2024,1440.9600176242013,417.29936093951966,1.8124229959807492,1.6508941175341494
38,North Dakota,2013,108.28258217850427,,2.75718198755967,
38,North Dakota,2014,87.01273145876365,,1.4187423229045637,
38,North Dakota,2015,113.87906923968588,,2.0736760533198697,
38,North Dakota,2016,123.77601946285684,,1.6140935654696742,
38,North Dakota,2017,85.87126049040366,,0.9662452682942007,
38,North Dakota,2018,94.42866213385358,,0.9135975823633915,
38,North Dakota,2019,107.0946755082772,156.90355718833942,0.8704835752502046,1.0641526646635435
38,North Dakota,2020,101.08485741385707,159.89387571897646,0.9723172096682242,1.0433204532155382
38,North Dakota,2021,85.37536221770706,171.61576200075882,0.8786049443583778,1.0072441500873095
38,North Dakota,2022,559.5960978003718,171.11682041122612,1.297240710490246,1.0615086067616692
38,North Dakota,2023,208.5894818686658,203.4634270090727,1.0549188896320134,1.1283755856041635
38,North Dakota,2024,99.10151932146942,196.4631751627794,0.9145516363247346,1.077951188314264
39,Ohio,2013,217.18262954977035,,1.175603417327846,
39,Ohio,2014,187.93887561849513,,1.2091437661169182,
39,Ohio,2015,172.0990852150452,,1.205383590673198,
39,Ohio,2016,174.1416053910573,,1.1841326858859178,
39,Ohio,2017,248.43688703676145,,1.3535047077858822,
39,Ohio,2018,242.0373980264859,,1.4106290468877924,
39,Ohio,2019,305.2089583869028,326.00439180319285,1.4738398464779756,1.3852685590003295
39,Ohio,2020,283.4017581167426,322.979845955019,1.3562590141407735,1.359322922601452
39,Ohio,2021,244.2087277010076,324.6696940225932,1.3264393080272712,1.4010800642534518
39,Ohio,2022,413.2252039454365,337.0179646842448,1.516919912460141,1.4032321479819094
39,Ohio,2023,366.239539742955,335.28008414281004,1.2519522537859158,1.4022074402302478
39,Ohio,2024,510.4774254163304,368.0420430201349,1.297750783991775,1.3434961940532726
40,Oklahoma,2013,620.895591824327,,1.5474849081618287,
40,Oklahoma,2014,119.14554479224971,,1.0753378253242156,
40,Oklahoma,2015,831.3906235754471,,1.7821072535841056,
40,Oklahoma,2016,316.6209666592176,,1.5818061737087077,
40,Oklahoma,2017,291.2375098470126,,1.4446262744939369,
40,Oklahoma,2018,175.57451124181085,,1.3314921249989307,
40,Oklahoma,2019,334.94725401292004,309.58846200023635,1.5300381507934027,1.4630191251079143
40,Oklahoma,2020,2921.9778954042413,312.92146972050114,2.1105240875912408,1.4721961549943303
40,Oklahoma,2021,179.3916443463056,396.3805809410127,1.4004725940034681,1.6372694327909487
40,Oklahoma,2022,195.56438706322464,376.9501839437604,1.4418920050631847,1.6832316748589957
40,Oklahoma,2023,896.6450250467175,378.10397970561274,1.8618816846832629,1.7161050619723315
40,Oklahoma,2024,270.912675840518,355.68452591076425,1.730644706057192,1.586244543861976
41,Oregon,2013,170.68933291013548,,0.7917301502491457,
41,Oregon,2014,289.2767565148806,,1.2714545378306579,
41,Oregon,2015,212.56432969353898,,1.006286186170669,
41,Oregon,2016,240.2931820545559,,1.0906583680362048,
41,Oregon,2017,295.70004552686174,,1.3177928711040514,
41,Oregon,2018,113.0641021377634,,0.9160033643993896,
41,Oregon,2019,221.5663712992363,250.80820886848537,0.9957897541335522,1.156111933784377
41,Oregon,2020,310.97239666550524,262.4858443480747,1.141693792581979,1.058894904453122
41,Oregon,2021,1489.1660781026974,304.10988021584825,1.5714257092563046,1.0445245186037266
41,Oregon,2022,322.86031951886355,363.6139804572528,1.2875443622356653,1.1560601081831678
41,Oregon,2023,126.88651164128004,344.5883130474378,0.8252148013595427,1.2213387462729506
41,Oregon,2024,590.9923150604262,329.5784266962886,1.345987441846677,1.0661928191062067
42,Pennsylvania,2013,138.58401632708475,,0.9737309778397107,
42,Pennsylvania,2014,399.59609471876905,,1.218354536508283,
42,Pennsylvania,2015,156.72615109486352,,0.994095019658451,
42,Pennsylvania,2016,126.22105989139997,,1.067487182107438,
42,Pennsylvania,2017,176.78326310016527,,1.1094267804639504,
42,Pennsylvania,2018,518.0473406856162,,1.4312555785031593,
42,Pennsylvania,2019,249.14003046803052,281.3486718799931,1.3087445565817557,1.1888959426958423
42,Pennsylvania,2020,334.17341895340354,353.877348124621,1.2971872369469748,1.3479480546571514
42,Pennsylvania,2021,217.84466369395005,343.8796464661737,1.2000445776151436,1.2397776649606742
42,Pennsylvania,2022,200.38026624024585,310.9612190735809,1.1393263464327303,1.2659922753739725
42,Pennsylvania,2023,252.68131976229202,322.1503578781688,1.1084647968351597,1.2175912116666918
42,Pennsylvania,2024,336.0915415388395,264.3547953778161,1.3534329527268198,1.0306098396080772
44,Rhode Island,2013,783.19,,1.26,
44,Rhode Island,2014,54.21,,0.7619999999999999,
44,Rhode Island,2015,341.82,,1.231,
44,Rhode Island,2016,168.9,,1.206,
44,Rhode Island,2017,728.34,,1.185,
44,Rhode Island,2018,594.78,,1.5700000000000003,
44,Rhode Island,2019,236.49,487.6934515933697,1.397,1.4057997694527646
44,Rhode Island,2020,548.39,520.1473044094188,1.9660000000000002,1.4361390961244855
44,Rhode Island,2021,448.55,437.15411243951786,1.429,1.497484875418062
44,Rhode Island,2022,81.94,441.3050530682029,0.959,1.576684558357334
44,Rhode Island,2023,104.59,343.44663382093006,0.782,1.1349753884103801
44,Rhode Island,2024,104.25,362.8690194320129,0.896,1.0585347025148368
45,South Carolina,2013,116.9600230844863,,1.0447471340648211,
45,South Carolina,2014,799.5265627986034,,1.8158089099109118,
45,South Carolina,2015,224.06227583065944,,1.4543357174734939,
45,South Carolina,2016,1645.3937810127386,,2.4172698929869525,
45,South Carolina,2017,372.7937362528202,,1.5847372845421988,
45,South Carolina,2018,470.54545112308614,,1.7463411241056166,
45,South Carolina,2019,326.5435156325936,382.51941212317865,1.4831552162129977,1.7070344211296624
45,South Carolina,2020,323.8152653166311,371.73142037866364,1.4747297689743324,1.6009292780239959
45,South Carolina,2021,120.87266130007548,378.7993269899145,1.1607574868451735,1.5753824886691683
45,South Carolina,2022,301.10386504886634,341.366895667258,1.8702211244925697,1.4898503070366647
45,South Carolina,2023,167.18881388523647,341.17792599222184,1.5074071498974193,1.5672292392996032
45,South Carolina,2024,3136.5282267023335,378.03672485126134,2.364910698670047,1.7123311379183956
46,South Dakota,2013,959.8403530019144,,1.8665303430163767,
46,South Dakota,2014,115.83865612503256,,1.0085933771084608,
46,South Dakota,2015,133.3234834462538,,1.1329618188355042,
46,South Dakota,2016,252.22983557456638,,1.399962161824625,
46,South Dakota,2017,100.62392416858975,,1.1522014441501842,
46,South Dakota,2018,92.10313758853395,,1.0843206159307959,
46,South Dakota,2019,294.959981167598,167.7316079364312,1.5756073283869636,1.0623067408323874
46,South Dakota,2020,97.34516547606572,207.37271513993875,1.0960933456761552,1.2143957796499896
46,South Dakota,2021,105.60674027038374,190.32669966914034,1.0093747963594597,1.1675948237313147
46,South Dakota,2022,327.0681724873403,203.98228510262686,1.234906242325762,1.0808120557177332
46,South Dakota,2023,76.99923306031866,192.0005599925613,1.0105366728164158,1.0599554050801145
46,South Dakota,2024,84.744939647731,193.1318960405083,0.8150463983236311,1.0901402979421997
47,Tennessee,2013,171.0962979796096,,1.7670128258546962,
47,Tennessee,2014,224.97291258095152,,1.80257614053618,
47,Tennessee,2015,222.4371429381042,,1.7686639243780304,
47,Tennessee,2016,197.1549519167437,,1.7802933415567406,
47,Tennessee,2017,512.8275496252824,,1.8056946146808874,
47,Tennessee,2018,199.75134314594033,,1.9014105948102777,
47,Tennessee,2019,266.9067634127858,283.89697241349626,2.1510543495094514,1.88010203921942
47,Tennessee,2020,588.0498974760504,326.1883952736453,2.139681768657072,1.9333885329810754
47,Tennessee,2021,302.68198849275797,362.11134495261643,2.018610273877875,2.0520125750593925
47,Tennessee,2022,404.48717183641406,348.1279009889738,3.1956832000533035,1.933065198796825
47,Tennessee,2023,857.93391396652,388.0879365845898,2.8116602958942667,2.2952498360307834
47,Tennessee,2024,278.63779841979374,388.57681231478216,1.9995707143119736,2.197206305125413
48,Texas,2013,185.5070407571431,,1.5370505340224152,
48,Texas,2014,192.4675700433888,,1.4413327841107384,
48,Texas,2015,271.6734677829599,,1.7805549719190386,
48,Texas,2016,210.8254212404651,,1.5991116401439862,
48,Texas,2017,477.59746742650543,,1.66673963198279,
48,Texas,2018,167.2383711845844,,1.3885239294383342,
48,Texas,2019,290.68295219741674,272.7691299364074,1.6721635768844114,1.4785648930510693
48,Texas,2020,432.68462990112096,303.869201753018,2.22167943919803,1.5018971254551807
48,Texas,2021,1175.2930579530896,351.45654915623066,2.900182172916857,1.7470912137953436
48,Texas,2022,211.95371886312253,383.1877033477281,1.6544934378845186,1.8312645562244274
48,Texas,2023,496.20761379193584,382.1791767919455,1.762671912705301,1.8555357733792575
48,Texas,2024,1270.5629531471857,385.53993195785193,2.114337855179917,1.9013653421409746
49,Utah,2013,189.68677724976303,,1.351898310217371,
49,Utah,2014,187.24158417648312,,1.355644551083783,
49,Utah,2015,199.57787244708862,,1.3503770376063249,
49,Utah,2016,190.11289102566454,,1.3101239265154163,
49,Utah,2017,138.98801398058566,,1.0645094520705405,
49,Utah,2018,125.32252004042942,,1.0194516118736037,
49,Utah,2019,146.2237128510723,277.56695905549947,0.9981876268959753,1.2526084033377847
49,Utah,2020,575.1382733358276,244.85644489197972,1.3204168828168057,1.1961479702690883
49,Utah,2021,115.95487969698614,270.6725120000362,0.9341907234889426,1.1431078941635038
49,Utah,2022,111.31558147737017,303.03638605659097,0.8867849160767172,1.0466508970780866
49,Utah,2023,127.07629535017197,252.91101217359486,0.9164033757350963,1.0520517966677472
49,Utah,2024,119.77958938863449,283.174653544243,1.0298885993377485,1.0527323664870945
50,Vermont,2013,435.9852164897445,,2.4097041870925358,
50,Vermont,2014,745.0279143126883,,2.1954959400189664,
50,Vermont,2015,204.23212469717888,,1.6703977925621245,
50,Vermont,2016,359.39132311497116,,1.8615324304848344,
50,Vermont,2017,873.9055246097977,,2.413177285144127,
50,Vermont,2018,897.6305575344,,2.6188079571582925,
50,Vermont,2019,443.80178821660536,608.4781563202015,1.9813350591186467,2.352711632574458
50,Vermont,2020,255.63564178375472,548.9724826814603,1.8983981117374207,2.1522144159726833
50,Vermont,2021,313.1522043092098,660.7665190309046,2.074495602612238,2.254012861564682
50,Vermont,2022,963.5443126186079,617.3655582707811,2.6196273297512533,2.17208715362132
50,Vermont,2023,744.3960604920119,676.8386970397954,2.3522345145284915,2.288139950999207
50,Vermont,2024,696.6751865659834,613.9046126796153,2.5155661497201147,2.4110969999179988
51,Virginia,2013,467.7708068128133,,1.6153159359488016,
51,Virginia,2014,187.32906453282587,,1.3805914014163891,
51,Virginia,2015,203.51341965632966,,1.4289733900519725,
51,Virginia,2016,237.7186005177017,,1.5450052123620979,
51,Virginia,2017,192.85313737865079,,1.3751254302496794,
51,Virginia,2018,507.35116470197966,,1.817278468092589,
51,Virginia,2019,309.01775918346505,329.081986731577,1.7270112594467948,1.5435103499972407
51,Virginia,2020,308.63259592116844,368.193146981423,1.6327480606716025,1.7785362800402853
51,Virginia,2021,434.42511294649915,406.1801572199861,1.5763377403399883,1.6778775657322353
51,Virginia,2022,593.9324146647226,389.0586362187143,1.8534443776860967,1.6763336989343383
51,Virginia,2023,221.09083243860096,437.5068297038259,1.4609222528773786,1.6955242353264344
51,Virginia,2024,418.2801549184802,379.3652782514285,1.6267381606384392,1.5453618109858667
53,Washington,2013,154.8235676305329,,1.025426436411045,
53,Washington,2014,330.5342305306096,,1.5125987649610588,
53,Washington,2015,646.2884974093369,,1.7005789356837628,
53,Washington,2016,225.99418734429878,,1.1720740245506154,
53,Washington,2017,269.46400861845274,,1.3213517019792176,
53,Washington,2018,270.3687555281325,,1.211428854742758,
53,Washington,2019,300.0161518372035,293.04609777042316,1.173874663343285,1.217986166867106
53,Washington,2020,261.55047942214617,295.52567256333515,1.3017852299130337,1.1804594495169256
53,Washington,2021,527.2907895286284,341.1386740150538,1.692484042841414,1.275892630358242
53,Washington,2022,395.29579507381624,364.3029958364923,1.480761791275796,1.3801609958251644
53,Washington,2023,151.66849295317664,359.17357956131116,1.0250409069978614,1.4464292510366523
53,Washington,2024,623.4543309498797,334.064119254625,1.7518978084800312,1.2836614198893865
54,West Virginia,2013,542.1458041187009,,2.2935625918814915,
54,West Virginia,2014,662.846891837394,,2.366396005674077,
54,West Virginia,2015,814.5726369307033,,2.415164152480675,
54,West Virginia,2016,743.4176485008364,,2.350815610523099,
54,West Virginia,2017,690.8349766214483,,2.333357331275629,
54,West Virginia,2018,739.6691446313555,,2.6463490965817256,
54,West Virginia,2019,755.2374533912579,570.9090525239441,2.8011374926153136,2.208714746205661
54,West Virginia,2020,604.1865603074469,641.4614813859272,2.4367814330874182,2.417206191984225
54,West Virginia,2021,1117.1512807617348,750.1457763194585,2.3829179906614337,2.4333635906334727
54,West Virginia,2022,1003.1858356531385,680.0346587544897,2.7373340797962564,2.3585952688216194
54,West Virginia,2023,751.4922029419027,712.313305521096,2.3530739070428814,2.40787146191527
54,West Virginia,2024,1165.5147881950234,701.0431679395033,2.8324437008546073,2.449393296248081
55,Wisconsin,2013,146.1904980074909,,0.8156242147380989,
55,Wisconsin,2014,144.74427824232632,,0.8378182062308427,
55,Wisconsin,2015,104.96218047730493,,1.3191880437878232,
55,Wisconsin,2016,136.48487127749414,,0.8409247545099157,
55,Wisconsin,2017,203.51298222394567,,0.9085440522245776,
55,Wisconsin,2018,122.77056833937098,,0.8113801293679612,
55,Wisconsin,2019,356.1784811505685,229.28575508375366,1.0949446510269227,0.9361879002868148
55,Wisconsin,2020,113.29174357255805,242.58594371948658,0.801914665082516,1.018174414136248
55,Wisconsin,2021,311.5604541056007,205.00368500720577,1.0114611126875064,0.9702618141985617
55,Wisconsin,2022,273.5191654819311,242.22555323050335,1.0433403103045,0.9716392511046094
55,Wisconsin,2023,183.01438986787656,290.0135710221872,0.8773147032101087,1.0232735684466678
55,Wisconsin,2024,266.1026225270651,244.839494897853,1.0203506955069006,0.9595902952531605
56,Wyoming,2013,363.3771223341833,,1.8139185605683894,
56,Wyoming,2014,193.21487497583823,,1.501411652723407,
56,Wyoming,2015,184.59731226096903,,1.4856226196751066,
56,Wyoming,2016,192.54541949190616,,1.4882208299763104,
56,Wyoming,2017,217.62690147150536,,1.6621966099050072,
56,Wyoming,2018,136.7060180281463,,1.2688613192335962,
56,Wyoming,2019,164.49333979239003,205.94029770936416,1.490178153789602,1.3524083590270821
56,Wyoming,2020,289.681352681368,191.3023010437244,1.8359415081456285,1.3902640027543578
56,Wyoming,2021,170.53403582888552,255.9373952950284,1.163216435641902,1.4080102083798138
56,Wyoming,2022,170.09567530276937,272.4080456186559,1.3321592891976195,1.3471649678478639
56,Wyoming,2023,127.04689940790857,242.91442558482103,0.9939841133335571,1.3182250989499433
56,Wyoming,2024,137.76133059851998,230.09971684607248,0.9986115832167484,1.1716908480126422
