state_fips,state_name,state_abbreviation,year,actual_saidi,predicted_saidi,actual_saifi,predicted_saifi,actual_drought,predicted_drought,actual_compliance,predicted_compliance
01,,AL,2010,,,,,15.303212898175088,,1.0029251984956093,
01,,AL,2011,,,,,33.49193800770633,,0.3124999999999995,
01,,AL,2012,,,,,25.88481341340669,,0.6850736973219842,
01,Alabama,AL,2013,237.27728933757638,,1.44692999922217,,5.16333133452254,,1.3038079470198642,
01,Alabama,AL,2014,206.09764182569967,,1.4762803730571563,,8.129656563996921,,0.7018992568125503,
01,Alabama,AL,2015,212.25637542886318,,1.6993627065337469,,9.040757072778018,,0.49433573635427347,
01,Alabama,AL,2016,174.77935808153384,,1.5710655501435298,,25.35554035956058,,0.2671049928087113,
01,Alabama,AL,2017,314.46030008021467,,1.9586623282026367,,13.223973048192217,,0.2460024600246,
01,Alabama,AL,2018,307.96222698640184,,1.5221041467242955,,8.644291379254408,,0.3270645952575632,
01,Alabama,AL,2019,174.13579431313093,342.54061185943,1.4104429066883073,1.677796008236245,9.06250549766664,9.117604290652944,0.468622656886715,0.33434712895305624
01,Alabama,AL,2020,1743.4983557516452,371.43411549618116,2.3805756776026104,1.8066365322302944,2.2233590101100216,2.4433842885344066,0.4172461752433932,0.4518335511847793
01,Alabama,AL,2021,252.81467136100795,506.87734012339246,1.515870738490039,1.7909018028345902,2.558297872802931,2.7759354600862713,0.3366336633663366,0.3475581519267321
01,Alabama,AL,2022,210.06216718440314,471.0048181858922,1.44778113491906,1.7867972561842898,8.71909997448454,8.725778438377164,0.43332676777624524,0.3568915305447043
01,Alabama,AL,2023,294.17694855824925,463.92392393318727,1.5737230793061663,1.7720864654829716,16.662716466825135,16.211504588023104,0.390777647518561,0.3448433366768784
01,Alabama,AL,2024,279.3831726440878,413.355966232956,1.8695453548582779,1.6057347597414895,19.731413109640368,19.824325398945984,1.0265349602944007,0.34788156650129276
02,,AK,2010,,,,,6.647384394393121,,40.19607843137255,
02,,AK,2011,,,,,2.635423325259294,,40.858725761772845,
02,,AK,2012,,,,,3.639384483527814,,51.84678522571819,
02,Alaska,AK,2013,360.7465957194702,,2.302073881276949,,10.006567189135394,,45.39295392953929,
02,Alaska,AK,2014,313.8121434079714,,2.4835207431697413,,0.9496292328632226,,44.91180461329714,
02,Alaska,AK,2015,605.4438019385096,,2.5554299644732863,,7.339536729844699,,45.663956639566386,
02,Alaska,AK,2016,192.48515248963025,,2.2610774117453047,,2.620678886356818,,51.81695827725437,
02,Alaska,AK,2017,152.66185976742267,,1.7094751238508543,,3.833716230381347,,42.91497975708502,
02,Alaska,AK,2018,335.34698162957386,,3.136743688650547,,2.242998115843148,,39.4843962008141,
02,Alaska,AK,2019,280.11513261363876,357.88053193421507,2.1917384564347473,2.1609207600566607,4.745351037172912,4.985427120181711,41.961852861035425,35.36927529095579
02,Alaska,AK,2020,268.0115688125866,361.1094109969066,2.194897617279739,2.0537078321261437,1.6817201645575541,2.1346604690327196,40.10914051841746,35.86006505600277
02,Alaska,AK,2021,379.07736481269467,365.6207530624781,2.132376414441279,2.107568629508544,2.9336295002945665,3.27772193891298,35.10204081632653,35.382431010249604
02,Alaska,AK,2022,575.2321389139661,368.09588842836297,3.523295502930674,2.0361320481960004,1.765893343946993,2.1298010525466795,38.96457765667575,34.382267818603545
02,Alaska,AK,2023,374.8493516921882,405.5048693802415,2.701473062192035,2.296358060513534,0.3539419600049045,0.8306981252446258,46.802721088435376,29.015016176222083
02,Alaska,AK,2024,327.14534291613245,356.55282095155735,2.5907533625268484,2.220647469951968,0.5130832152051595,0.9857665788479915,46.40434192672998,34.402161661515166
04,,AZ,2010,,,,,19.71152686905695,,8.459497424691731,
04,,AZ,2011,,,,,37.47276280402179,,5.345280395488942,
04,,AZ,2012,,,,,51.864719404107035,,6.223306894447825,
04,Arizona,AZ,2013,75.24231593565487,,0.8239905330507438,,45.130709996168235,,4.9886963074604305,
04,Arizona,AZ,2014,87.15246548575628,,0.8404116487950426,,48.862521121310856,,5.07945937917718,
04,Arizona,AZ,2015,90.85188318081416,,0.856916365630906,,35.65111844287163,,4.097760866383721,
04,Arizona,AZ,2016,86.25485554426275,,0.833143713001529,,27.883724977057753,,3.513318934485237,
04,Arizona,AZ,2017,90.70968367975455,,0.8845506045685828,,16.629724540858767,,3.8024971623155426,
04,Arizona,AZ,2018,114.64008255955993,,0.9427172088346649,,62.313909216687094,,3.2523729759910607,
04,Arizona,AZ,2019,85.81014548907116,160.0069708390323,0.8864263618779659,0.9781524858181587,18.90577132245398,19.96308063107668,3.3049917718047137,2.4961458017561045
04,Arizona,AZ,2020,71.93532791243383,152.71667965494228,0.8177716352572686,0.9389695187278977,38.749831061949095,37.57635528963335,4.007235285932929,3.102502392999335
04,Arizona,AZ,2021,106.17583069899571,162.80188811823498,1.2197141955608732,0.9249686843165399,70.56241301087839,71.07639570757507,3.519384107781132,4.409497779944124
04,Arizona,AZ,2022,139.73404020671188,161.00658017374417,1.0526853664878404,0.9033328565597205,43.471895778511744,43.3650091554904,4.206241519674344,3.2182624426621107
04,Arizona,AZ,2023,106.83618870810938,168.58951755760714,0.9840589138183179,0.948083129799291,18.74060631799419,19.180605913995887,3.717122920021464,3.018497378631008
04,Arizona,AZ,2024,87.4664159498614,169.3633147231554,0.9876980134118977,0.9491147861517882,27.75963768278397,27.899577638759077,7.014293276866055,3.2267353829225334
05,,AR,2010,,,,,16.877488920109233,,7.18685831622176,
05,,AR,2011,,,,,35.42369045945337,,6.494389663379796,
05,,AR,2012,,,,,36.45411935268905,,6.942092786996269,
05,Arkansas,AR,2013,276.7293312457708,,1.7959841309018172,,14.967227165833126,,8.445945945945939,
05,Arkansas,AR,2014,235.12598920897742,,1.7928459833876798,,5.4309941713124115,,7.7467160660154875,
05,Arkansas,AR,2015,306.7377133496985,,1.9815322967213398,,9.256274558098351,,9.261744966442945,
05,Arkansas,AR,2016,397.33417560297835,,2.0329517890369897,,9.344716404713635,,8.723262032085557,
05,Arkansas,AR,2017,395.4337017496095,,2.045697089506903,,17.517421691208423,,6.258322237017309,
05,Arkansas,AR,2018,322.87994969113004,,1.7707283541970282,,11.52561345995375,,5.776892430278881,
05,Arkansas,AR,2019,437.7143584313132,401.5886756945207,1.9339914614254912,1.842180032785274,1.6303813687995339,1.8425600518356349,6.421714664018536,5.106244013710106
05,Arkansas,AR,2020,708.4399618963339,409.64842749139797,1.8328523542997441,1.884789747472388,2.296946965443872,2.335259149808701,7.067020570670206,6.183578011574248
05,Arkansas,AR,2021,315.89988370299034,457.75537744724335,1.6579592286240767,1.8263982218035086,5.798340386432486,6.193550854461146,4.823257350512055,5.818199063515081
05,Arkansas,AR,2022,415.53505837795365,482.89983088248397,2.11026610901656,1.850190439773018,25.56288328014982,25.004330742290126,3.249097472924187,4.428812779639367
05,Arkansas,AR,2023,911.2385574105904,508.478636895713,2.1023152214476166,1.9730649873917683,8.972547831557758,9.151858325065811,5.863192182410421,3.213761648936521
05,Arkansas,AR,2024,509.07169765826217,515.0975377645667,2.1275760561353723,1.9963065146519239,14.069359567439133,14.638432285023729,6.912144702842375,3.9793048633935566
06,,CA,2010,,,,,7.875338971509634,,5.152733118971008,
06,,CA,2011,,,,,1.7996040441966146,,5.16261026676581,
06,,CA,2012,,,,,34.67398510079898,,5.0441428383185745,
06,California,CA,2013,98.94852332224741,,0.8325785820573407,,48.72221060827615,,5.455638626025973,
06,California,CA,2014,108.80178868567953,,0.9114256218800207,,81.17430238882436,,5.499261409282843,
06,California,CA,2015,118.36214961658214,,0.9249704805302409,,81.07540118923484,,5.22311330454448,
06,California,CA,2016,117.06260723035324,,1.0267744492403912,,64.7447752235187,,4.005210861069242,
06,California,CA,2017,233.44379393451516,,1.2841212853967965,,10.391427730532875,,3.675835070415348,
06,California,CA,2018,195.21543955951245,,0.9545930329793818,,29.202484278194973,,3.2634328168978226,
06,California,CA,2019,587.5750513873991,243.7137525495432,1.261246824269472,1.1970884373246327,6.283244600946597,7.8870702578912,3.1188194127491125,2.9641337263340777
06,California,CA,2020,267.0754027722461,256.49879354222963,1.0772032301171162,1.0946888399575214,29.405336484264016,28.748954155987082,2.5273224043715734,2.9760473199091737
06,California,CA,2021,325.21908027112084,309.5488866838365,1.3093006959155178,1.1390017566275559,74.85381338682254,74.42126996216274,2.5387582049906556,2.2974701226976992
06,California,CA,2022,198.50223447265842,300.33349640709974,1.2476880536513468,1.2176845952907895,67.205242277802,66.55803638878476,2.456230031948857,2.4615869505934285
06,California,CA,2023,346.5726581805323,289.89519420213657,1.397105081013725,1.1859380540100264,12.580120215902658,14.184366838820289,2.437343678219576,2.096406468985071
06,California,CA,2024,279.640706666216,312.0799087295813,1.3446809999525509,1.2581335669738891,6.986703687421793,7.653065864243714,4.247427918201352,1.8671912430303281
08,,CO,2010,,,,,9.063053617288029,,5.269413629160056,
08,,CO,2011,,,,,23.154453047515315,,4.451386177274491,
08,,CO,2012,,,,,53.22824861982394,,2.984212552945702,
08,Colorado,CO,2013,128.99623228861435,,1.086781141680387,,53.678023484410716,,3.813318155947631,
08,Colorado,CO,2014,84.03886129352281,,0.9265546029938866,,18.59864766032158,,4.801046142350083,
08,Colorado,CO,2015,110.059592412814,,1.0110439589716858,,11.705194782506814,,5.683901723505677,
08,Colorado,CO,2016,165.45878197569897,,1.1550532212762261,,7.770684750202199,,6.0606060606060534,
08,Colorado,CO,2017,228.51386179390394,,1.193138446152468,,9.939640459259694,,6.818586434039511,
08,Colorado,CO,2018,113.28599665017772,,0.9730758201162507,,48.438362325701966,,7.512725996138318,
08,Colorado,CO,2019,180.52829810146682,166.23851331070765,1.0789994037771438,1.0350487636978207,18.425009789618045,19.110048138822254,7.259465092045843,7.706819192959457
08,Colorado,CO,2020,134.20774290448682,194.20191233306977,0.9981139883536563,1.058967645562404,50.51830747676108,49.16033450617764,6.704682909970612,8.154471664948835
08,Colorado,CO,2021,180.90345031917798,213.33360583121296,1.1029714439382226,1.0645485656340086,49.13263896646719,49.14241565996247,6.604747162022693,6.477057904721507
08,Colorado,CO,2022,141.5320402681416,238.0802728370512,1.0313252712243712,1.0654040837470806,42.018616007880716,41.76690469177231,7.876302750726121,6.0617196933448145
08,Colorado,CO,2023,99.15140962676688,226.82915518351237,0.9154267049229039,1.0671181162526941,14.31893513966256,14.856824164576548,7.07036535859269,6.61562612195929
08,Colorado,CO,2024,255.0533508573595,200.7322893283659,1.40881180316245,1.0037119919409963,12.438984604177245,12.975111582091015,8.382033728502238,6.674302491524726
09,,CT,2010,,,,,5.930515496669302,,8.270466610785133,
09,,CT,2011,,,,,0.0,,9.250487601003064,
09,,CT,2012,,,,,13.833176030309449,,8.623087621696799,
09,Connecticut,CT,2013,179.60753690813027,,0.9308053157380924,,8.8261713271897,,6.979977753058941,
09,Connecticut,CT,2014,86.29502518978309,,0.7421273085005385,,10.338813095037066,,6.952169076751934,
09,Connecticut,CT,2015,103.31455971509281,,0.700194712485833,,20.410158819054775,,6.96572861521315,
09,Connecticut,CT,2016,174.04556590022457,,1.0626797073144763,,34.09853618500535,,3.1564245810055835,
09,Connecticut,CT,2017,291.3296094098203,,0.9469488733415726,,20.605480556848065,,5.622377622377613,
09,Connecticut,CT,2018,655.5375747485391,,1.2546832681903155,,1.5332418131049421,,4.839160839160831,
09,Connecticut,CT,2019,236.36419934959815,312.20299952901536,0.971349696162426,1.1107725475317336,1.546918803953854,1.7759812003534436,3.168816601233874,3.7338821067311683
09,Connecticut,CT,2020,2642.6328790395414,301.7577588686368,1.8270305833227662,1.088986528358689,14.305488096200342,14.269485398144129,3.240223463687147,2.960428158531504
09,Connecticut,CT,2021,145.2269522911276,302.5991223256304,0.8953460788148134,1.1556567640755102,1.7918232422906433,2.5216164300524118,2.965631929046561,2.883167217649267
09,Connecticut,CT,2022,157.40326124729847,330.8589470584598,0.8205168711683517,1.098406500486856,15.939545168500672,15.588489409578983,4.172423321359485,2.4795892518358222
09,Connecticut,CT,2023,164.64397615334147,314.34224014983823,0.8718820415177247,0.9844633418836082,3.7541567643122353,4.386836817386646,4.504257072232902,3.1277515875558453
09,Connecticut,CT,2024,153.64120345932508,250.67928931307878,0.8755382875637482,0.9995360767762659,10.68340767245903,9.626809341861062,12.54763200870982,3.039720357436396
10,,DE,2010,,,,,5.923476799390672,,7.555555555555555,
10,,DE,2011,,,,,10.306268637809621,,8.370044052863433,
10,,DE,2012,,,,,27.427762674041496,,9.279475982532746,
10,Delaware,DE,2013,157.71532108984627,,1.4600155689431713,,0.07700180525322008,,7.034632034632033,
10,Delaware,DE,2014,169.05767049681324,,1.4154359681926934,,0.12249158061478169,,6.002143622722398,
10,Delaware,DE,2015,189.9048015604076,,1.52150436760669,,0.6392838893437212,,5.307855626326962,
10,Delaware,DE,2016,149.09695839406336,,1.3500675235213278,,1.8444574799267994,,1.9999999999999993,
10,Delaware,DE,2017,153.91430360836773,,1.127501917760651,,5.989455924152372,,1.148225469728601,
10,Delaware,DE,2018,135.91024628063585,,1.0319628050296623,,1.9653823039908076,,2.585315408479835,
10,Delaware,DE,2019,101.55153172334084,209.69988518533546,0.9760483582662244,1.1923721224912491,4.509045081027125,4.620357080785343,1.2282497441146367,1.7136418180593451
10,Delaware,DE,2020,271.8529881971197,238.16607385645415,1.5104779404235569,1.2568671970395011,1.375221499906844,2.0028993776386597,1.512096774193548,1.0085154501618918
10,Delaware,DE,2021,64.33619333804417,253.67595065955365,0.9626996954355584,1.2856741065741892,1.41938243868037,1.4631192928252088,2.089552238805969,0.9419503421684204
10,Delaware,DE,2022,79.7588344434396,210.61182019096336,0.8533155936372978,1.1861356285068183,5.28721549463087,6.354100463946465,1.176470588235294,1.1059559533948744
10,Delaware,DE,2023,108.15338681427453,227.44091293414073,0.8301128703029118,1.16653523693522,4.212401662635926,4.945337149115402,1.4492753623188406,1.0873685276530531
10,Delaware,DE,2024,116.1312313284075,202.3165276373943,0.8427353602683016,1.024871154285589,19.374608331331228,18.132148265698007,1.2380952380952377,0.901421387311339
11,,DC,2010,,,,,3.7777307692307693,,0.8264462809917356,
11,,DC,2011,,,,,7.577307692307692,,0.1612903225806451,
11,,DC,2012,,,,,17.821269230769232,,0.6289308176100629,
11,District of Columbia,DC,2013,124.0,,0.88,,1.8867924528301887,,0.9202453987730059,
11,District of Columbia,DC,2014,96.0,,0.69,,0.0,,0.6024096385542168,
11,District of Columbia,DC,2015,112.43,,0.686,,1.5384615384615385,,0.7385524372230426,
11,District of Columbia,DC,2016,115.0,,0.82,,7.112576923076923,,0.5813953488372092,
11,District of Columbia,DC,2017,57.53,,0.553,,22.240307692307695,,0.4304160688665709,
11,District of Columbia,DC,2018,109.24,,0.643,,15.005769230769232,,0.284090909090909,
11,District of Columbia,DC,2019,77.0,158.39180265877332,0.59,0.737713248219622,5.835849056603774,6.2885225224045085,0.1412429378531073,0.24501474730168873
11,District of Columbia,DC,2020,44.0,183.08881797190773,0.4,0.6917954865385136,0.3591538461538461,0.9972670995272123,0.0,0.2123255540635419
11,District of Columbia,DC,2021,52.0,153.71550942026283,0.45,0.5396549262723886,1.5384615384615385,1.8157364588517408,0.1492537313432835,0.1619923127151133
11,District of Columbia,DC,2022,33.687,148.04064077404882,0.302,0.5676885136400756,3.9063846153846153,4.688502109967745,0.1481481481481481,0.17120823881719238
11,District of Columbia,DC,2023,71.87,140.72336305948573,0.37,0.5788955726944349,15.85896153846154,15.532119338329021,0.1464128843338213,0.16840478618872007
11,District of Columbia,DC,2024,32.582,148.663552302201,0.271,0.5577080783094819,20.10554716981132,18.903504713526313,0.5788712011577424,0.19343138197845994
12,,FL,2010,,,,,10.357616410600981,,2.15430330043509,
12,,FL,2011,,,,,39.627021925664216,,2.109571788413084,
12,,FL,2012,,,,,26.19033882725194,,1.782198735882274,
12,Florida,FL,2013,87.00365233314649,,1.1256640306559984,,9.548981404034075,,1.5445990180032658,
12,Florida,FL,2014,92.087079393026,,1.1476225469465797,,2.7513425506504747,,1.4002216178100062,
12,Florida,FL,2015,85.42665971638513,,1.0909995605924578,,6.823602993473719,,1.909095405311821,
12,Florida,FL,2016,352.0645223240301,,1.3570250663707368,,4.0398305016103615,,0.9889950065448192,
12,Florida,FL,2017,2504.1938626335445,,2.0169559915276305,,12.384260186284548,,0.7055346331696601,
12,Florida,FL,2018,325.35706008045975,,1.1287870602042434,,6.651771663041712,,0.7433545048223907,
12,Florida,FL,2019,88.99183221067221,385.4263100177215,1.012147101658008,1.3168860150217891,7.936162389337164,8.33386058754763,0.8328680439233157,0.9283479310975927
12,Florida,FL,2020,188.74920844858323,321.9291758692795,1.1707254568288237,1.3232062089061456,7.8554544632245955,8.294781483681325,1.0374693159186632,0.9913067052394672
12,Florida,FL,2021,80.83518437147286,257.6493859050643,0.9289101913942139,1.1754994297581725,3.575977332679567,4.108406438251233,0.8792416540733591,0.9054524315270296
12,Florida,FL,2022,1146.33618566219,273.26868375724075,1.4801514674164606,1.1094502276945455,9.653195484454468,9.818634176465828,0.9012224502543018,0.7888925117694319
12,Florida,FL,2023,160.10073141644915,313.0778004553302,1.0149027264322636,1.320394959470095,16.248977963120947,16.61562358284846,0.7414191635047281,0.8005149641130044
12,Florida,FL,2024,1321.4609606204276,266.93567036608187,1.7699946564361773,1.1853679352038378,7.634469275522013,7.66517063901042,0.7177856099028594,0.7459641077321774
13,,GA,2010,,,,,12.590195581109231,,2.3373146622734726,
13,,GA,2011,,,,,56.683342679743085,,1.2341901264789825,
13,,GA,2012,,,,,56.80715977094876,,1.3126009693053278,
13,Georgia,GA,2013,151.5697313213594,,1.3273499163600568,,13.055872146548088,,1.613873295910178,
13,Georgia,GA,2014,246.29071148084628,,1.507899843180474,,5.874451131850232,,1.8170985999404194,
13,Georgia,GA,2015,243.72009095099816,,1.5387886829498056,,7.560240038872934,,1.8756751448492528,
13,Georgia,GA,2016,424.41475427466963,,1.5259200960191979,,24.287033696205576,,1.1738455568490447,
13,Georgia,GA,2017,1049.190149811334,,2.4494603827371244,,15.235099776501244,,0.9311702025535155,
13,Georgia,GA,2018,373.21302821041587,,1.5569285393831833,,11.040209525908649,,1.0742466013879608,
13,Georgia,GA,2019,152.26135157552397,406.03790806240437,1.3815794448759742,1.7476126072108826,14.368641877818032,14.151131516192146,1.2325931501693617,0.8655197550851131
13,Georgia,GA,2020,509.89675677682555,457.17540825486583,1.9644753378745257,1.8308387281129048,2.587367910226652,2.7880106812890144,0.8851206559209894,1.1042295512250264
13,Georgia,GA,2021,145.81497060404985,405.45837178876,1.3172208683665405,1.8188542420456915,2.3739350260267624,2.7416993605695863,0.7412211618641692,0.7478655737447815
13,Georgia,GA,2022,264.258780432477,395.57349260170577,1.6952107038755482,1.8120311679611196,13.119727834375443,13.004271836287858,1.1527904849039334,0.6842351084538081
13,Georgia,GA,2023,349.2345361314826,389.09156147147723,1.8853524239425188,1.7333171872255515,7.9846124561395815,8.420677046068743,1.1569052783803295,0.8973292966252726
13,Georgia,GA,2024,1229.0600721370781,362.6789923987149,2.121997026766475,1.8192720124478319,8.657011634583386,8.972378067327329,1.312031417350944,0.9161995391646327
15,,HI,2010,,,,,43.18781415940143,,0.5131964809384162,
15,,HI,2011,,,,,25.110104491939314,,0.8695652173913041,
15,,HI,2012,,,,,33.03924848352902,,0.0,
15,Hawaii,HI,2013,144.99997535939352,,2.130443050424948,,29.444985643948737,,0.2838892831795596,
15,Hawaii,HI,2014,262.49280123934744,,2.3071259010561787,,8.785857461607742,,0.21201413427561838,
15,Hawaii,HI,2015,266.09017080380164,,2.9861277713803784,,14.879800268620945,,0.7027406886858745,
15,Hawaii,HI,2016,128.71523652449523,,1.896506768499962,,19.324585783209994,,0.0699790062981105,
15,Hawaii,HI,2017,252.33858711196092,,2.091647617536474,,21.085043518324344,,0.2103786816269284,
15,Hawaii,HI,2018,191.38439168462565,,1.9589584731535232,,6.09430790046032,,0.1405481377371748,
15,Hawaii,HI,2019,195.19338337791996,307.0429278480096,2.0503736711160334,2.130179920568197,18.433141295693723,17.88863695780142,0.211864406779661,0.18498252967509143
15,Hawaii,HI,2020,118.69183532499143,259.8422376037697,1.2171109329443175,1.727415056738153,15.747482606637906,15.530784680976005,0.344589937973811,0.23579412806603095
15,Hawaii,HI,2021,229.65162718951967,269.7550388400222,1.5999562274600976,1.6467756380772887,19.3819454764098,19.268338141252475,0.0691085003455425,0.14914382588524383
15,Hawaii,HI,2022,187.24596698901945,282.66377215196417,1.6471055373832237,1.5410125108358268,29.131309578666617,28.355527780253375,0.0695410292072322,0.14032048240902825
15,Hawaii,HI,2023,491.83274514486925,282.9789086037541,1.7878370602551374,1.6250450327314152,20.793917973036645,20.269032526488818,0.0,0.18262448712467003
15,Hawaii,HI,2024,320.61139162014376,291.0028788914657,2.615960282870013,1.732767752063039,18.662969921061794,18.03254999304158,0.20905923344947708,0.12557010555811052
16,,ID,2010,,,,,14.987882779184378,,23.8701464035646,
16,,ID,2011,,,,,0.34923772408194687,,27.714646464646457,
16,,ID,2012,,,,,14.963227912662964,,19.674185463659143,
16,Idaho,ID,2013,260.986094501082,,1.643772043804924,,32.457841397548826,,18.796526054590554,
16,Idaho,ID,2014,245.19188100219688,,1.2865460766408918,,30.875792517651405,,21.323529411764696,
16,Idaho,ID,2015,465.3362659813735,,1.7435936061731698,,39.20429523241309,,18.644067796610166,
16,Idaho,ID,2016,197.2028502879328,,1.3511883763744241,,11.994299156122777,,11.995249406175768,
16,Idaho,ID,2017,313.82884183685843,,1.6931865398128074,,4.139812789530387,,13.546511627906973,
16,Idaho,ID,2018,174.10479748828968,,1.1980347917117986,,13.735399869449553,,11.07305936073059,
16,Idaho,ID,2019,166.6373779653163,300.4187753967083,1.2427452689634315,1.3491457549238013,6.4851968495874,7.32487725101941,9.05533817775293,9.772441016004851
16,Idaho,ID,2020,324.9156493931651,309.143104980228,1.5890655300395709,1.3286475136470797,13.22290966368059,13.586634214828734,8.49107625743645,7.6577239180873615
16,Idaho,ID,2021,475.15005143308787,330.4643001616162,1.7789979922679504,1.3934284947041717,48.05904154291817,46.87883512439521,6.351706036745403,8.44916492978988
16,Idaho,ID,2022,180.72249012040317,361.15559256772167,1.1676601495700363,1.4551354736343782,39.37605292932035,38.85919855579042,6.02161605764282,8.095788523851425
16,Idaho,ID,2023,137.48469243194987,333.92890164708166,1.0706070191930386,1.3426841943510506,19.118925177415854,19.692140001846845,12.944162436548218,8.389075325746653
16,Idaho,ID,2024,232.75989318059257,282.085452874705,1.3139381855536265,1.2251551398171767,22.258388014018937,22.049316230329808,13.093453273363313,8.060160923606775
17,,IL,2010,,,,,2.889355236674697,,3.3720115255821077,
17,,IL,2011,,,,,6.367138016221549,,2.004973577867567,
17,,IL,2012,,,,,27.19656728324697,,1.1643250795622115,
17,Illinois,IL,2013,181.8247268442045,,1.1002536149804572,,12.13221423889348,,1.3725186104218297,
17,Illinois,IL,2014,195.73262401781543,,1.1257086540666492,,3.292674550762724,,1.9091967403958021,
17,Illinois,IL,2015,169.30849945081255,,1.1112851809289346,,2.4330918539230857,,1.8895800933125955,
17,Illinois,IL,2016,134.9222044834549,,1.0225165816673143,,2.019351790212119,,0.9358914365933532,
17,Illinois,IL,2017,119.6959254805408,,0.9258079396473838,,7.8257709754412215,,0.7433489827855986,
17,Illinois,IL,2018,142.8762131545497,,0.9160729548819617,,4.127390845913565,,0.872298624754417,
17,Illinois,IL,2019,116.20034587656967,217.61671394839485,0.9255857975596088,0.9960160521806325,1.8628892018083782,1.958318319014545,1.0341833109655008,1.083814450310169
17,Illinois,IL,2020,331.1257198269428,222.45698194379014,0.9238400208213389,1.0434282376797712,5.271362749791387,5.119760751838977,0.687768659632667,1.0877977603920228
17,Illinois,IL,2021,127.01912011004686,256.80951442009086,0.9067746466258488,0.9271207429483505,6.419855800085281,6.822200304010588,2.298669605604958,0.9935269596733353
17,Illinois,IL,2022,90.42092565632295,259.04384245276697,0.7607116894087291,0.9896867919217693,10.609376790755285,10.420576404456986,1.4908802537668473,0.9982607998246542
17,Illinois,IL,2023,208.21111942159544,262.53704687874756,0.8354556289362485,0.9315194540027624,16.65005506380674,16.541496568478067,1.401092377107574,1.0624631418495372
17,Illinois,IL,2024,156.88297766852847,240.0778172508294,0.8524284778482266,0.9073744770119552,12.543271641024514,12.681439590096236,3.817995749035627,1.2521954027954658
18,,IN,2010,,,,,11.265661009133627,,6.470497612078249,
18,,IN,2011,,,,,8.405913570388156,,5.539358600583089,
18,,IN,2012,,,,,22.57374117628718,,5.643064688790319,
18,Indiana,IN,2013,231.7512265204064,,1.1804181500377606,,4.137987465058752,,6.148227058286399,
18,Indiana,IN,2014,239.93130681407837,,1.279552860767644,,0.43667465258984806,,6.109763493026051,
18,Indiana,IN,2015,244.024821470921,,1.2625087394550056,,5.224567131841334,,6.9429738314929565,
18,Indiana,IN,2016,252.50277215811562,,1.3356232238481716,,3.1733538570747646,,3.931907200964136,
18,Indiana,IN,2017,212.40719970476755,,1.2699497089266563,,2.3569488758647044,,3.0321224857400173,
18,Indiana,IN,2018,285.90817020376954,,1.4565568622617844,,0.913020055844445,,3.5682293221857107,
18,Indiana,IN,2019,260.59416542240285,287.62225410190194,1.503255086248015,1.3316122133241597,3.4291261751400945,3.4084324230755434,3.981577774476287,3.2291739650245055
18,Indiana,IN,2020,280.12412095073785,305.37848769787234,1.289154434990823,1.4704495383687262,8.035991160995097,7.878149090344845,5.670103092783482,3.135535959787382
18,Indiana,IN,2021,285.8453448381083,353.9582343749818,1.3578039563848212,1.3999425129447085,4.958229524362214,5.484155535026617,4.255943645435867,4.0042738222355965
18,Indiana,IN,2022,279.3475857733806,330.98688809684285,1.4306051727971227,1.4061029848114592,10.324950192525344,9.723567069885691,4.195293085806169,3.7408449759835154
18,Indiana,IN,2023,455.4279293911309,335.63974990809993,1.4466100658138363,1.4375991199292928,16.010147114979823,15.92590556570795,4.4760935910477935,3.4382921154207113
18,Indiana,IN,2024,312.3760354670505,332.4443523116102,1.2830013717984496,1.356141854608229,14.59299893771118,14.967233718254134,5.839942321557286,3.6482730011975364
19,,IA,2010,,,,,0.0,,10.619469026548666,
19,,IA,2011,,,,,9.87612628300204,,7.303553961525919,
19,,IA,2012,,,,,41.655228973891894,,5.947351316217085,
19,Iowa,IA,2013,124.62100003090232,,0.9599515093020693,,32.18333220776707,,6.593406593406586,
19,Iowa,IA,2014,164.6911777098207,,1.2006619276755153,,11.910915217401811,,5.946640951462549,
19,Iowa,IA,2015,96.76269428538534,,0.964116602809418,,2.378903486599391,,6.532180595581165,
19,Iowa,IA,2016,117.65191119240224,,1.0492050194625222,,2.427469009745251,,3.6067666773060933,
19,Iowa,IA,2017,118.97214903705157,,1.0015274347805,,8.930445520763593,,3.1488549618320594,
19,Iowa,IA,2018,126.83653822094836,,1.014703343799217,,6.410016182507994,,2.7619047619047596,
19,Iowa,IA,2019,122.84477979809857,184.17672671968913,1.0800946230341681,0.9948171559896206,1.4862428035457502,1.6294836214604596,2.373417721518985,1.8013530871764902
19,Iowa,IA,2020,1758.65371555459,190.62845035620518,1.4865186705648994,1.021428945590504,14.391488281089075,13.882920119409677,2.193669696020055,1.6363643542614799
19,Iowa,IA,2021,133.0666291855218,230.42962838095647,0.9234139297107429,1.1125441998133625,23.008210114181093,22.878910610526322,2.68834010628321,2.1512474697629456
19,Iowa,IA,2022,85.81862202903056,243.29234798857198,0.8883537914328513,1.1172820296954165,23.567348546422295,22.97821982863366,2.1549031855090557,2.2261688424509374
19,Iowa,IA,2023,104.93428954968275,222.38573047402903,0.9065807461585214,1.0347337234237017,40.13586282234182,39.08078590619826,2.4261275272161726,2.030124334307049
19,Iowa,IA,2024,166.74941590682675,195.80068030535938,1.1503774386256809,0.9602533422462604,27.415544535760567,27.328952641676302,1.8885448916408656,2.31619358047511
20,,KS,2010,,,,,3.3093799043524794,,11.546536039188235,
20,,KS,2011,,,,,37.48661880313146,,9.094076655052257,
20,,KS,2012,,,,,53.51798192248619,,7.449757449757447,
20,Kansas,KS,2013,255.53451272751533,,1.571226390390681,,54.722022586363245,,7.53282653766413,
20,Kansas,KS,2014,152.3894036031575,,1.3482060981169492,,42.09034665010132,,8.13232253618194,
20,Kansas,KS,2015,347.3148577428621,,1.6286458647028694,,16.675353074129006,,9.893507385778076,
20,Kansas,KS,2016,167.7562868258492,,1.4082543944702544,,6.153449816660826,,7.9986268451767915,
20,Kansas,KS,2017,364.7610438700434,,1.4807538885156586,,11.866513286847917,,6.423909309515626,
20,Kansas,KS,2018,154.84844444878078,,1.167842883300035,,28.878359376356855,,5.320974939924475,
20,Kansas,KS,2019,240.01428592828904,237.809871731075,1.368357222804032,1.2897198506511705,3.7932085029857854,4.3197525196473405,7.758324751115685,5.090713382651394
20,Kansas,KS,2020,107.10973557808789,234.02685976033524,0.9450151509047601,1.2391661119401591,17.03286314190596,16.68091378735585,6.977535738597683,5.264264477237608
20,Kansas,KS,2021,341.47013190889237,246.25377971186813,1.5335394363691355,1.1255709375885394,13.098724437905856,13.749623231653905,6.294658046954744,5.1456579586177975
20,Kansas,KS,2022,178.8324920559714,255.92329132597482,1.3207789440168454,1.2318605970770728,48.75482931880561,47.56066683492073,5.139550714771953,5.432474803269002
20,Kansas,KS,2023,283.11922593606226,260.97834490823453,1.3175847788828692,1.3282923305851106,54.55284601740122,54.7582772830731,4.677966101694913,5.644466626971209
20,Kansas,KS,2024,285.5969186845083,242.15519139040495,1.5055926455163684,1.2310382391197716,25.034170082935255,25.203644433842157,7.2512647554806025,4.602821245667302
21,,KY,2010,,,,,10.695900188656822,,2.851885924563015,
21,,KY,2011,,,,,5.1176561205851945,,2.3793182338137693,
21,,KY,2012,,,,,15.356297090418595,,1.2306289881494954,
21,Kentucky,KY,2013,176.11317379959542,,1.5022844172564993,,0.3228717956226939,,1.179941002949852,
21,Kentucky,KY,2014,246.80151849874483,,1.6503232766193356,,2.580199077678917,,2.6035770885216185,
21,Kentucky,KY,2015,243.9110873127123,,1.5882732057069155,,5.566722568457664,,5.034996613230973,
21,Kentucky,KY,2016,191.85524488303244,,1.4569427373354569,,10.135107206135366,,5.157657657657653,
21,Kentucky,KY,2017,194.11928437207033,,1.3466455551266365,,0.7997579388402614,,3.882405745062833,
21,Kentucky,KY,2018,406.2110887014886,,1.7846325652562742,,0.4087343486249261,,2.8673835125447997,
21,Kentucky,KY,2019,203.29516439356738,310.4869998252368,1.6102053381327497,1.4707486850249127,5.024510307432881,4.9593372042908905,1.0957066189624307,3.0016715620562984
21,Kentucky,KY,2020,282.3528473741056,308.47568436857944,1.3509060321672957,1.707382744311902,0.7782592911421068,0.8827491807684859,0.9316770186335391,1.7602239093239387
21,Kentucky,KY,2021,707.7535387097045,331.37513449565756,1.5294407418708718,1.5495877423796474,0.5351150977764486,1.1163511284406797,0.8429458740017737,1.0075866712755102
21,Kentucky,KY,2022,345.80222825433657,305.2255457218392,1.781294564981899,1.5065624838342597,11.50818797142935,11.189840214131992,0.81840300818403,0.9059074728368905
21,Kentucky,KY,2023,868.2382069966785,319.3409461258555,1.9028923470439303,1.6360336405021103,9.261267419764682,9.277657316717569,1.4065934065934047,0.8443555493680531
21,Kentucky,KY,2024,648.2791536168538,369.9600428901572,1.9546281759458628,1.7031319176561477,9.001458360519106,9.84365408284422,1.9633507853403107,1.0767464655796606
22,,LA,2010,,,,,27.446989607421205,,5.412541254125412,
22,,LA,2011,,,,,61.943677912359625,,7.145979020979014,
22,,LA,2012,,,,,14.261071705523817,,8.061712299000435,
22,Louisiana,LA,2013,327.756054696333,,2.5400016860632477,,9.974406162215352,,6.636402939904872,
22,Louisiana,LA,2014,310.4335321710097,,2.3867385809877653,,7.035228486329792,,8.889367197589316,
22,Louisiana,LA,2015,361.09147800253646,,2.2663741968523854,,13.840190010146442,,10.092136275980279,
22,Louisiana,LA,2016,392.87816401090356,,2.1176748821539277,,10.684151449146132,,9.39970091860713,
22,Louisiana,LA,2017,390.6324306072626,,2.289307113052105,,8.515189889762436,,11.210954214805298,
22,Louisiana,LA,2018,276.0244919829783,,2.0955848096001124,,11.281723823959332,,16.445111492281292,
22,Louisiana,LA,2019,472.25648281626997,443.61627308931685,2.165830078464461,2.2144014398323346,4.253552890395782,4.421691678846983,19.83683984542722,15.958087535643331
22,Louisiana,LA,2020,3624.441022489741,393.40450094639993,3.2283103665224604,2.040657353075392,3.8893077096713693,4.3729522052694785,13.929492691315556,19.334798525455817
22,Louisiana,LA,2021,4811.069817653494,692.7521084295687,3.295476656394287,2.4048240543599606,5.011179623257615,5.044760637144947,16.591056383668167,13.166551834507963
22,Louisiana,LA,2022,303.9502729636286,694.0710698987751,2.0766275851375684,2.452872113497678,32.50548800532019,31.836497488216768,15.82264725059769,15.263485570618588
22,Louisiana,LA,2023,584.1618319975079,606.1509859450375,2.1235491656565673,2.329818478576615,37.40559862055907,36.39422238822982,15.50337029789084,17.87669821610477
22,Louisiana,LA,2024,727.4545066861165,650.8231671882329,2.722195998817752,2.2872196886695364,12.637372210548396,13.892253258254769,18.158179848320685,14.096302248982814
23,,ME,2010,,,,,2.886140502833016,,23.41867469879518,
23,,ME,2011,,,,,0.33942580067775263,,20.85843373493976,
23,,ME,2012,,,,,5.890521442227333,,16.716867469879517,
23,Maine,ME,2013,971.3439678999712,,2.8935582001799247,,1.570022061392042,,14.446952595936791,
23,Maine,ME,2014,1049.271697616898,,5.1226827485286766,,1.8082878081965474,,12.096168294515396,
23,Maine,ME,2015,213.60815264069055,,1.8708138313478884,,6.101604201438297,,13.167795334838221,
23,Maine,ME,2016,535.3977462301062,,2.6934903640498713,,14.129673673891983,,5.705705705705703,
23,Maine,ME,2017,2492.5773180443257,,2.814172547607568,,9.768961820739225,,13.248502994011975,
23,Maine,ME,2018,665.3228693803024,,2.8012682068053554,,4.865213840260928,,8.731343283582081,
23,Maine,ME,2019,908.1343880462387,800.0870183148274,2.525146775084352,2.578242848888327,0.3896264056880842,0.7280787394803506,6.983655274888556,7.600530279952778
23,Maine,ME,2020,1725.0007120261635,798.3240878062703,3.8631633115581416,2.401030767384807,19.52352228663187,19.035369483520174,6.300366300366297,7.3130480000013005
23,Maine,ME,2021,325.15597851471273,836.9101984930965,2.4920367394165854,2.6873357879348525,12.86676254182563,12.85322946033605,8.121827411167512,7.372267671500518
23,Maine,ME,2022,963.6127831105224,749.8395705055335,3.000691680181245,2.79128166139703,8.774856008112337,8.991762096672609,7.47126436781609,8.777120531082536
23,Maine,ME,2023,1862.9701507858308,827.8982308893051,3.313993505461557,2.657932751794769,1.012672823801821,1.221151156527505,11.76890156918687,6.784707633902572
23,Maine,ME,2024,1748.5669386839716,800.7141281860994,3.635690269590139,2.7383058710103114,8.209513839257701,7.726399556879591,10.085227272727266,8.073262578060504
24,,MD,2010,,,,,7.839488679236827,,5.510450855069942,
24,,MD,2011,,,,,8.577192902797842,,6.79794520547943,
24,,MD,2012,,,,,15.370743935207532,,6.929347826086952,
24,Maryland,MD,2013,116.7609280984508,,1.1234541230234703,,1.3496250804646786,,6.430379746835418,
24,Maryland,MD,2014,244.84492645420778,,1.2652062884573476,,1.5210525816767608,,5.40268456375837,
24,Maryland,MD,2015,124.39607516632705,,1.088879436573004,,1.8906121342204487,,5.0592753381198685,
24,Maryland,MD,2016,120.30428548158584,,1.0919607826516073,,5.2947970717475465,,1.4316630597636089,
24,Maryland,MD,2017,116.47049058051762,,0.9700173694352112,,9.36099309522422,,1.0783012607830125,
24,Maryland,MD,2018,337.14830748389033,,1.2961705905362142,,5.522002569134058,,1.0758027143330022,
24,Maryland,MD,2019,141.3373840745244,232.51099051195467,1.0494165461769034,1.0784592569191356,4.486756970589197,4.5217683366686385,0.7101568951279915,1.2705896458896897
24,Maryland,MD,2020,120.34746973286528,279.2281819874355,0.9560379606839479,1.2288815693504935,1.5353249953282933,2.035303618297196,0.7122045969569432,0.9165633997894999
24,Maryland,MD,2021,127.10054764937709,267.3577651550855,0.9624096751523199,1.015476218197863,2.121769040222543,2.166997846625579,0.7124352331606193,0.7672092564823816
24,Maryland,MD,2022,259.0736646347478,227.13158417402397,1.156041006614287,1.013675974322959,4.908788403080535,5.724511765050767,0.808668930939671,0.6123707956540173
24,Maryland,MD,2023,166.2165369912945,250.38611570829764,0.919792574120691,1.0431848345632404,14.11063120299298,14.116944393989282,0.596293311845286,0.7608206148830053
24,Maryland,MD,2024,118.08862309299401,218.86408059306558,0.8170809222512362,0.9423591771574693,18.86277162115205,17.906825921033363,5.492393915132086,0.7145515750758833
25,,MA,2010,,,,,4.100446116865803,,4.568991775814793,
25,,MA,2011,,,,,0.0005390758207501226,,5.185969156335037,
25,,MA,2012,,,,,13.41923424260587,,5.072028811524594,
25,Massachusetts,MA,2013,427.2510987386331,,1.1290956957121796,,8.587427217270228,,6.656738644825,
25,Massachusetts,MA,2014,124.4761414526159,,0.9558348952182116,,6.359891317716892,,4.848484848484829,
25,Massachusetts,MA,2015,91.1718574987587,,0.7871814070965477,,12.412214510589443,,3.4426953067529706,
25,Massachusetts,MA,2016,144.91541519505392,,0.9905631821100445,,34.67707983183124,,1.1132268932181,
25,Massachusetts,MA,2017,275.49358053448844,,1.0872328535026166,,15.216113169880373,,1.2092074592074555,
25,Massachusetts,MA,2018,813.3054528115277,,1.5517520897378876,,2.812394485944191,,1.8297995933778637,
25,Massachusetts,MA,2019,250.21190115330975,310.958466908805,1.2239399543239773,1.1738664134445118,1.4078224770041785,1.5652164628128937,1.6533720087019579,1.5990008299712342
25,Massachusetts,MA,2020,318.9088123295709,392.6194015752035,1.3020007287455528,1.2402152061911007,19.232062693008565,18.863298027826747,1.0737294201861103,1.604191923127475
25,Massachusetts,MA,2021,518.6603788491832,422.6108695989646,1.2166339898161282,1.3852643048268036,3.016200518513043,3.3331232119678726,1.057596112619689,1.3330874349327613
25,Massachusetts,MA,2022,163.15418659558657,351.3818683971392,1.080353618265813,1.265179916505878,21.42098547238895,20.619842637537552,0.7686832740213504,1.0555972148191322
25,Massachusetts,MA,2023,259.4049445328097,386.1236632061796,1.057216072056251,1.1845815350147426,1.9187639577625197,2.4029175507150238,1.0038173335218417,0.9597295287976342
25,Massachusetts,MA,2024,101.984413884121,335.74111447571704,0.8433504671876976,1.1406046750836794,12.29383607496214,11.335593816971251,0.8684689732455493,1.0183720140455823
26,,MI,2010,,,,,11.031431439370653,,4.646689613282022,
26,,MI,2011,,,,,5.004382988044359,,3.8449863401800988,
26,,MI,2012,,,,,11.051170731923001,,3.455243483532005,
26,Michigan,MI,2013,782.2940578321179,,1.523163788761608,,3.2849091315876944,,4.104891578416528,
26,Michigan,MI,2014,574.670152181065,,1.212914090010408,,0.24849731014640974,,3.906564639548913,
26,Michigan,MI,2015,363.3836200614259,,1.140903321850242,,6.696543474335016,,4.2581034829877185,
26,Michigan,MI,2016,267.77391775375867,,1.1461753275128417,,2.981675241519046,,1.8384569017480341,
26,Michigan,MI,2017,778.8378460906333,,1.4138705769153035,,1.4252889687199182,,1.3932043700511088,
26,Michigan,MI,2018,442.8644677391504,,1.372903371564923,,3.7891900297829952,,1.8223690798037302,
26,Michigan,MI,2019,554.8618220179396,447.1970901412704,1.5348484650283563,1.3920062957447248,1.722511720776588,1.8144745022002644,0.9614421632448672,1.2502316472055315
26,Michigan,MI,2020,410.6536195742837,516.4550283244378,1.3837435422415871,1.4859451279642022,2.716561957409235,2.670106067587047,0.943208895949162,1.6561524856440273
26,Michigan,MI,2021,873.2717547703172,470.20871502956544,1.6556057580102657,1.4895399655505133,13.958631541760125,13.77599926687815,1.1451902011551418,0.9743536034773926
26,Michigan,MI,2022,513.1258990931727,487.90022054664377,1.3391739604825679,1.4068876197861595,8.222673520768602,8.192070841451674,1.2445240939864524,0.9101647939070365
26,Michigan,MI,2023,1093.6212618587103,505.9445380035433,1.5116238156831843,1.4714962236959086,10.89683024160787,10.973579726557595,1.0634068773603582,1.011680425996991
26,Michigan,MI,2024,470.43671494729006,489.88920562609536,1.356475037655397,1.4350276716985175,15.98292339319688,15.438311450582976,2.821782178217821,0.9904899517534919
27,,MN,2010,,,,,5.973152934179837,,5.799284503859894,
27,,MN,2011,,,,,9.720444919210689,,4.78773143818962,
27,,MN,2012,,,,,36.918541988091256,,4.74153960580141,
27,Minnesota,MN,2013,367.1698206640832,,1.2151917538423875,,29.27647487549538,,4.690674053554925,
27,Minnesota,MN,2014,119.43074562187294,,0.994819094556822,,7.672247257651019,,5.3548505409865985,
27,Minnesota,MN,2015,154.50094856928305,,0.9694863672949781,,13.569826757588357,,4.759299781181609,
27,Minnesota,MN,2016,301.1772237935289,,1.1934111479153642,,1.6188280574625813,,1.7013574660633468,
27,Minnesota,MN,2017,129.6530945174027,,0.9456295436627496,,3.3196895367048387,,1.2749147064104842,
27,Minnesota,MN,2018,127.41416451034188,,1.016237491535866,,4.153235870296083,,1.622392583348187,
27,Minnesota,MN,2019,150.0885362275002,170.22703439792247,0.9938334871980126,0.9414449722015737,0.6966885987319238,0.8395927638035666,1.8439716312056729,1.2211508289798942
27,Minnesota,MN,2020,127.5804497230019,188.55891929896936,1.0360058851996055,1.0148464133025206,7.8924475997093415,7.411008072614546,1.4533356680091034,1.1047993945131918
27,Minnesota,MN,2021,120.94679673446326,188.1956993400892,1.0412761513174864,1.0313085512609044,34.04212869957676,33.34878017436342,1.5575778788939405,1.3223690328448203
27,Minnesota,MN,2022,273.6968575672685,201.28399848257033,1.209555256337458,1.053698637576373,15.160923082320217,15.060186038500206,2.1997206703910592,1.189668196176974
27,Minnesota,MN,2023,126.38348383647023,198.9303673882434,0.9728055968950496,1.0220860937319436,27.4201196906616,26.73666944269973,2.294455066921605,1.4817180804135948
27,Minnesota,MN,2024,219.62099420217862,208.64812302361025,1.2504041171042126,1.0360354087552128,20.735614062931926,20.199615400732377,2.5012937726410205,1.5238334915355218
28,,MS,2010,,,,,15.151486199425316,,4.274654998317064,
28,,MS,2011,,,,,22.402609638649245,,4.128902316213492,
28,,MS,2012,,,,,6.6796221235217095,,6.465661641541036,
28,Mississippi,MS,2013,198.35705042452028,,1.7076559890407348,,5.814028127054047,,5.150501672240802,
28,Mississippi,MS,2014,225.95469734906328,,1.7136816032626696,,4.262465210866787,,3.576203208556148,
28,Mississippi,MS,2015,310.3867863425645,,1.9693331956979525,,10.074038465999934,,4.046822742474915,
28,Mississippi,MS,2016,277.35606171606156,,1.927033863114242,,19.840099702072887,,2.7081243731193556,
28,Mississippi,MS,2017,566.8135129866008,,2.195599655623261,,11.413115460848276,,0.8024072216649945,
28,Mississippi,MS,2018,267.5127972556326,,1.7623988080540631,,5.574609670546318,,1.5085484411666101,
28,Mississippi,MS,2019,536.4750263701218,413.80374711211687,2.0961490177326163,1.9993858035957315,2.2195232060363685,2.5302395674822,2.1826729348556073,1.5190078536094749
28,Mississippi,MS,2020,1496.6577277811227,416.4088265243117,2.5126095965201682,1.932693511077414,2.7887921935113025,2.8690138827689777,2.3664638269100733,1.7987676867313818
28,Mississippi,MS,2021,1134.3987208588458,548.0484785236181,2.366704376101045,2.064354447685161,3.277229785591229,3.438662273519859,2.7815468113975546,1.9483945796665016
28,Mississippi,MS,2022,448.46789756086133,539.1499691241647,2.428850929329859,2.1954087572659886,18.701415070377603,18.43580421373492,2.2781366882012897,2.2860616387675905
28,Mississippi,MS,2023,802.138893472842,581.0219751596114,2.7172201661381465,2.364217975036702,26.765465557961843,25.560893631030652,1.4615907545887141,1.941235991169506
28,Mississippi,MS,2024,567.1087739289761,595.1813432344615,2.555400563048515,2.3457433282225217,19.527089256829697,20.45781820298006,9.728813559322019,1.4840214878432771
29,,MO,2010,,,,,3.416182163324221,,12.875250166777837,
29,,MO,2011,,,,,10.103575516231858,,11.645316918981854,
29,,MO,2012,,,,,33.813607455536676,,10.189180219050764,
29,Missouri,MO,2013,319.9327280319033,,1.1338560670240343,,16.623792945776987,,10.640410392189292,
29,Missouri,MO,2014,136.65202855950204,,1.0784069351717127,,9.369432903913737,,9.82010232711667,
29,Missouri,MO,2015,171.08204336692083,,1.0577249887467528,,3.9154407929981376,,13.069958847736604,
29,Missouri,MO,2016,205.68454473079012,,1.049804673444254,,5.289480179007618,,7.7655557379740445,
29,Missouri,MO,2017,305.7559145550277,,1.200759435574543,,15.867586122650462,,5.661921125838641,
29,Missouri,MO,2018,149.6037604518755,,0.9726288765651399,,20.5321090671977,,4.701273261508321,
29,Missouri,MO,2019,255.22844906205216,233.61853687494187,1.297161874528489,1.1084908142816634,0.30014039884476085,0.8167016919266705,4.511400651465792,4.75564890849069
29,Missouri,MO,2020,152.588305802446,257.29089094753374,0.9965329748284522,1.1916637344594443,4.407331376383926,4.4101703395769025,4.224207961007306,4.614794647111243
29,Missouri,MO,2021,259.71522875084764,255.3087630034376,1.2436065937559635,1.1557512024497807,2.9570932856701573,3.536100199962516,3.9526972298720207,3.626169706586335
29,Missouri,MO,2022,148.02106596752358,267.49365736414114,1.0499110422392195,1.149420690852319,16.09144577238206,15.866303134066035,4.758051464638284,3.3105100484697774
29,Missouri,MO,2023,371.8230128973747,264.9161317833533,1.3145225876750732,1.1897100610095712,26.58416487510726,25.983795557502805,3.9477924589107305,3.5049395447629266
29,Missouri,MO,2024,224.2801229393299,287.8742966076013,1.1888977173460742,1.1922459043707674,16.726880243001503,17.170953313062736,5.39718129404227,3.3857313383407917
30,,MT,2010,,,,,7.113411638819982,,25.832492431886976,
30,,MT,2011,,,,,0.5088796258689452,,39.77955911823647,
30,,MT,2012,,,,,15.853938172775193,,30.97609561752988,
30,Montana,MT,2013,161.67097867522412,,1.3634027316448687,,13.503603830601234,,26.923076923076916,
30,Montana,MT,2014,138.77120919336988,,1.133586691039632,,1.3249744896880908,,35.777126099706734,
30,Montana,MT,2015,287.89481685107853,,1.7522771622682618,,15.60256041371645,,35.40252182347235,
30,Montana,MT,2016,160.70759496814202,,1.2616161035491564,,11.391688444297396,,15.547024952015347,
30,Montana,MT,2017,215.40876453740773,,1.5750507543436334,,24.823591722567507,,11.005692599620488,
30,Montana,MT,2018,142.68178036296226,,1.2775997374765495,,7.914541567199672,,16.85499058380414,
30,Montana,MT,2019,169.28377978521624,231.51230665553177,1.326965889478523,1.4649298553781704,1.9229151555380442,2.693961366374573,15.233644859813081,12.347312928751691
30,Montana,MT,2020,271.30407120956573,228.97538585248958,1.3635040697709777,1.394999820082013,12.322190249240824,12.293250694591269,12.419503219871205,12.16321563652216
30,Montana,MT,2021,309.9399462497474,320.80867587759064,1.7057361509347402,1.3671410016072387,54.32761133816551,52.87370879346277,9.041591320072332,12.245944137227454
30,Montana,MT,2022,225.63173192991192,296.89307223449435,1.376315418163424,1.5668944873745738,45.18302978816215,45.158350890117404,15.32976827094474,12.177074216684218
30,Montana,MT,2023,118.67324419598376,274.16566762531596,1.0682803740387772,1.5042270185901045,22.323225306409107,22.68879939441155,11.847922192749776,11.895934782862398
30,Montana,MT,2024,351.45696728710146,259.0635968890494,1.6207375189869415,1.3560190767818512,32.112117639411,31.341940268885676,14.499121265377854,10.385172172056203
31,,NE,2010,,,,,2.318282004227915,,24.699453551912566,
31,,NE,2011,,,,,6.6288606281924185,,21.673003802281364,
31,,NE,2012,,,,,48.759486840672515,,15.911542610571725,
31,Nebraska,NE,2013,125.69843564670647,,0.8379556555781066,,63.75912279684637,,19.0246516613076,
31,Nebraska,NE,2014,123.04198670365854,,0.8692878194189121,,18.62539773718011,,19.521276595744673,
31,Nebraska,NE,2015,86.2390000786589,,0.732086253554228,,5.723589275984427,,19.820295983086666,
31,Nebraska,NE,2016,83.6164906121882,,0.674547466550951,,4.663709925296515,,8.027282266526754,
31,Nebraska,NE,2017,154.33667061071006,,0.8791214427398603,,9.104277143647192,,5.320813771517994,
31,Nebraska,NE,2018,188.17930336463314,,1.0852078756668755,,3.8145882505202584,,3.582554517133955,
31,Nebraska,NE,2019,84.03300347394295,191.42879668315476,0.6543871006969416,0.9303833764737144,0.3866239364452125,1.0666920179168087,3.310915675116397,2.843124324043826
31,Nebraska,NE,2020,113.38334429067073,183.59837956264772,0.7896409210568645,0.8975580162607999,20.017619932530774,19.371094798376934,3.6678553234844617,2.701301608931442
31,Nebraska,NE,2021,516.0080614538837,188.879652040597,1.154376631248663,0.8414170980712303,26.844670598295565,27.47990023873751,4.3256997455470705,3.5226766522533604
31,Nebraska,NE,2022,82.05611107359724,230.34537351869315,0.6084315015616366,0.893912176433851,52.168022062883715,50.94701252195257,4.460212873796249,3.908195564496443
31,Nebraska,NE,2023,72.6392838670123,184.13154590350518,0.5583596490893972,0.8473807729357928,46.08083910344778,46.7192592595357,4.225352112676054,4.016782871088784
31,Nebraska,NE,2024,641.7044253940389,184.55406320698538,1.2321386178617713,0.7598417145133388,21.06209355751815,20.942400046563083,4.785643070787633,3.648517738018306
32,,NV,2010,,,,,23.054514807043624,,6.291635825314577,
32,,NV,2011,,,,,1.5584172871991977,,5.234058238112789,
32,,NV,2012,,,,,51.18868327377402,,4.590163934426226,
32,Nevada,NV,2013,68.21291234021763,,0.6168282119662766,,58.389470734835676,,3.709038530788616,
32,Nevada,NV,2014,75.66769693966131,,0.7021070167333048,,66.17269838222245,,3.937566512947854,
32,Nevada,NV,2015,106.95659393300859,,0.7310904835342442,,65.56639449725225,,3.8340885325897487,
32,Nevada,NV,2016,95.69782876711803,,0.8354059253912831,,32.71529772526765,,2.465753424657533,
32,Nevada,NV,2017,114.4257922006667,,0.9048253075558128,,2.7230094729945766,,3.9030955585464318,
32,Nevada,NV,2018,126.16011218699778,,0.9763426680005438,,25.27027016424978,,4.8498845265588875,
32,Nevada,NV,2019,87.00497484951279,156.33102973863868,0.814644587904746,0.9954978794239836,9.01111876094411,10.337773027268147,3.6881268197994164,2.0879871946169084
32,Nevada,NV,2020,73.27989510324247,178.7603641094127,0.7215326374267628,0.9259587612954755,40.78340098461451,39.41047237934522,3.015720243824189,2.8608684997246496
32,Nevada,NV,2021,102.41507274861284,162.91579004894905,0.8373450034076454,0.8064339692930215,79.00556557895236,78.78342682146894,2.509529860228715,2.706087851057635
32,Nevada,NV,2022,195.1233340617792,157.5028548366942,0.9842829312069715,0.7782485112518099,69.32632265768315,68.64426969510204,3.178099433606038,2.1941554171617086
32,Nevada,NV,2023,138.71142322471528,184.04070286441464,0.9420684843943014,0.834208174861521,18.22761763399817,19.635352605873344,3.6125817502335713,2.3557674002573297
32,Nevada,NV,2024,158.86283376870333,195.75187444132806,1.107636770322585,0.9166883318912232,12.946932643340885,13.216416239110206,4.824830977258755,2.241611169883124
33,,NH,2010,,,,,2.8814348693232557,,24.981017463933178,
33,,NH,2011,,,,,0.7360130692858271,,25.681818181818173,
33,,NH,2012,,,,,7.1878597699014355,,24.981132075471688,
33,New Hampshire,NH,2013,249.66508562968016,,2.173258558025526,,5.8768276288673285,,26.224566691785977,
33,New Hampshire,NH,2014,862.949281410218,,2.2643259695462756,,3.338240207540494,,22.263868065967,
33,New Hampshire,NH,2015,149.33485783482888,,1.383627113175621,,10.030688072600622,,9.27449513836948,
33,New Hampshire,NH,2016,191.9934575414546,,1.5367760362792955,,24.071821974461542,,11.235119047619047,
33,New Hampshire,NH,2017,1113.2824673805305,,2.2967680941651323,,12.985324147443096,,14.592592592592585,
33,New Hampshire,NH,2018,508.83690632104447,,2.1729908994775498,,5.173229990730631,,14.317343173431725,
33,New Hampshire,NH,2019,291.9621356915962,495.9341221131954,1.4293882397537032,1.883595625014131,1.7795153886251023,2.0086061209583033,14.180749448934598,10.259146287222755
33,New Hampshire,NH,2020,499.4106228507459,495.6170645975831,1.8208137668258206,1.543713362324049,21.978092180125962,21.225819694326148,9.499637418419145,8.547969483600113
33,New Hampshire,NH,2021,234.3939383703085,473.9833788994795,1.3682019878990463,1.6778890273693556,13.047082233553153,13.135574111864628,7.204610951008641,9.296913368147486
33,New Hampshire,NH,2022,616.7236441702614,421.9210206542715,1.7831924877196204,1.4777078042640464,13.282142572881906,13.019937024322171,6.871868289191119,8.751955725157005
33,New Hampshire,NH,2023,645.7851480438434,401.0913436191393,1.7526241481892821,1.471000224222197,0.5011459969382153,0.9064821230447867,10.77032810271041,8.000910861727153
33,New Hampshire,NH,2024,922.6545453280531,484.6300946117141,2.020801491967189,1.6162077763900957,9.225155636926084,8.486631339461749,8.871540099361242,9.699667670039508
34,,NJ,2010,,,,,9.904693049614005,,5.432435504034534,
34,,NJ,2011,,,,,0.560617945114965,,7.1922074980178845,
34,,NJ,2012,,,,,7.970335442076912,,5.143567714221089,
34,New Jersey,NJ,2013,165.82768476953183,,1.3329909262018758,,3.8439010747600815,,4.718898171144721,
34,New Jersey,NJ,2014,112.03711197644675,,0.9531322693861635,,2.349511080925628,,3.5863313409270217,
34,New Jersey,NJ,2015,260.5680089286296,,0.9911710472327611,,7.53980942643477,,3.731679819616666,
34,New Jersey,NJ,2016,137.23054181017386,,1.1537327677814302,,16.697752228896757,,2.5129592066711655,
34,New Jersey,NJ,2017,85.80293797608424,,0.9344204654312078,,8.647763150421286,,2.936543654365428,
34,New Jersey,NJ,2018,509.72613585394754,,1.42132243583495,,1.0492875949969893,,3.654970760233911,
34,New Jersey,NJ,2019,247.65354335293708,307.70400142641296,1.1903106693218712,1.2063564959447088,2.4743625037768746,2.5075278612926164,3.2392306827128468,2.7414270565844103
34,New Jersey,NJ,2020,965.1563855749545,320.69508736646486,1.5827370437351773,1.2989063225678577,0.7784224277945614,1.2270239026988075,2.621359223300961,2.523803382701204
34,New Jersey,NJ,2021,138.76230766025836,339.54199191053993,0.9998349333385729,1.3213817876792169,0.9159149324892168,1.144751502944154,3.291248516240406,1.9634949139468243
34,New Jersey,NJ,2022,89.6807724139113,352.2919958879634,0.8753686973805898,1.2581415106887808,12.525191665444178,12.564515192712204,2.677995267799525,2.224242777198903
34,New Jersey,NJ,2023,108.33860255647872,379.48413396342386,0.8805115365394708,1.2151315705035581,5.782556393982286,6.205491629484764,3.0122405534858743,2.561681130533087
34,New Jersey,NJ,2024,174.24558751030344,314.6925295583813,1.1189103779394693,1.0925829343604647,17.789043955651156,16.556611926174682,3.1769408794445475,2.008634490584418
35,,NM,2010,,,,,8.164246347363074,,20.096852300242123,
35,,NM,2011,,,,,64.94203634094042,,21.480057664584326,
35,,NM,2012,,,,,57.54654226306086,,23.323754789272026,
35,New Mexico,NM,2013,149.171618330648,,1.04002049071507,,64.91224590161318,,25.32250358337314,
35,New Mexico,NM,2014,82.42081676458164,,0.8461349716638877,,49.671175844795016,,31.29186602870813,
35,New Mexico,NM,2015,122.26041290828643,,1.1301788625245934,,19.972247060902074,,40.33492822966507,
35,New Mexico,NM,2016,136.33479178479593,,1.4519756118152125,,15.381173172359205,,32.871476349737215,
35,New Mexico,NM,2017,140.61650729725667,,1.2966327496767014,,6.11469738329452,,24.31915910176779,
35,New Mexico,NM,2018,138.29156149664263,,1.146222581654663,,58.23722741121192,,21.585482330467997,
35,New Mexico,NM,2019,170.16515006974362,192.2610882168196,1.2125457900578898,1.1591492878184684,19.299801574554618,20.35056952402038,24.52380952380952,18.12912590201078
35,New Mexico,NM,2020,148.2423926213378,189.2105499241839,1.0104381693028737,1.1910545929867964,44.237182397994744,43.00103134012623,14.164305949008497,13.960895969627334
35,New Mexico,NM,2021,221.1945158883761,219.61100291716747,1.4464654373191745,1.0962800670340274,68.54447524257822,68.47661822749686,11.10061407652338,11.705919478425697
35,New Mexico,NM,2022,182.56384894406486,225.99435965595026,1.1662847463003347,1.1828824897715544,58.06240459616559,57.91427290638488,15.380974917179364,14.407393288958346
35,New Mexico,NM,2023,168.92626170390906,222.5546336721938,1.2418032400273873,1.1266883582843168,37.79666519418225,37.29607607353819,14.959886739027839,14.103749933887064
35,New Mexico,NM,2024,278.7868970269941,228.40944528750856,1.320622310313992,1.1603510004657598,38.34242821907121,39.01626225935628,34.93182886694875,9.478969206835162
36,,NY,2010,,,,,2.530649168029326,,2.5309278350515347,
36,,NY,2011,,,,,1.826767800662888,,2.5743589743589634,
36,,NY,2012,,,,,8.980152955838628,,2.4266884642893487,
36,New York,NY,2013,124.05109503482966,,0.7230707818493449,,3.427702714523425,,1.9871598899419045,
36,New York,NY,2014,92.69399907954904,,0.6354720213727594,,2.1379090899121653,,1.6231618582404699,
36,New York,NY,2015,86.52087901164177,,0.6711688675526168,,8.533941421088825,,1.8059724271251953,
36,New York,NY,2016,107.21101109631279,,0.782601135857059,,21.27568601743311,,1.3546547158280589,
36,New York,NY,2017,227.27945783840616,,0.8438750384129392,,5.115858755702879,,1.3473512299683517,
36,New York,NY,2018,405.5097204084122,,1.005105494117695,,4.742964816536781,,1.4889480147359733,
36,New York,NY,2019,170.9626491234668,270.7617357639754,0.875820555019405,0.95134088743849,0.7623419396812054,0.9828972242917695,1.3101782870061074,1.175499293785144
36,New York,NY,2020,407.7451369667935,268.76249326267106,0.9752762636829286,0.9971238489730532,9.849607735556084,9.688973609210219,0.9989066693171591,1.2373548761926494
36,New York,NY,2021,141.9754361565562,299.62155401901805,0.8538955288990877,1.0247703125384287,6.956531435783363,7.345495377045759,1.1696496092765267,1.2036809215137518
36,New York,NY,2022,202.96320333845807,294.041157531838,0.87209555223145,1.0078597081614404,4.846755688707059,4.997538037170809,0.8725206716379992,0.8844924234161096
36,New York,NY,2023,119.97524301921884,271.906898633183,0.7246210646013004,0.8886322867001698,4.783511739065665,4.95942475894309,0.7024814271996714,0.7837863455749761
36,New York,NY,2024,219.90047322535153,260.7447908878175,0.9099606044633373,0.8294834797729113,6.049689726594121,5.908039934646655,1.0749462526873557,0.8562725369228598
37,,NC,2010,,,,,9.716908366729495,,5.7650130548302805,
37,,NC,2011,,,,,21.856363669491845,,4.9280463816129885,
37,,NC,2012,,,,,15.854890777667425,,4.501640689089409,
37,North Carolina,NC,2013,226.64791819923818,,1.3410021809291175,,6.8288927268869015,,4.630852036153125,
37,North Carolina,NC,2014,481.85930163031674,,1.471343892418577,,3.014719735441647,,4.0354231659454465,
37,North Carolina,NC,2015,210.64369579808144,,1.336336994402323,,7.549027993535789,,3.29779814685662,
37,North Carolina,NC,2016,824.6363162931508,,1.7896856201677824,,8.266247507687062,,1.6827396181853966,
37,North Carolina,NC,2017,263.9733539961373,,1.3341207237615733,,10.274686813074142,,1.5764889061891727,
37,North Carolina,NC,2018,1761.513431851504,,2.1675322012525946,,4.097304251097167,,1.2703300933500143,
37,North Carolina,NC,2019,287.62851781375537,417.9034773611025,1.4372487452689318,1.4898832193168636,5.6072782499065195,5.500485442593433,1.095133796781259,1.2089238261274464
37,North Carolina,NC,2020,417.9019476169182,438.69775940590085,1.6966262425784528,1.7519400958664966,0.33558392250552427,0.5769680144247789,0.7655502392344482,0.9729475476779874
37,North Carolina,NC,2021,205.48338756843785,424.70743742430267,1.2421105944856037,1.611485017333538,10.638493716340268,9.694467110296127,0.8423244368729865,0.7996814720197009
37,North Carolina,NC,2022,456.2977152335357,369.74919451598936,1.9272395909640512,1.554299936921248,14.985309655280757,15.519123807535372,0.9433962264150915,0.7115247799069859
37,North Carolina,NC,2023,252.00269060467298,370.25210770872303,1.5055907551382979,1.6126491064531197,10.737648956997624,10.949387756871534,0.9381898454746116,0.8595564508082854
37,North Carolina,NC,2024,1440.9600176242013,417.29936093951966,1.8124229959807492,1.6508941175341494,11.365290237900378,11.167793835073192,4.6416938110749175,0.8862743166153739
38,,ND,2010,,,,,0.20608501270039675,,6.518518518518518,
38,,ND,2011,,,,,1.77626177887865,,8.60058309037901,
38,,ND,2012,,,,,26.387499116104216,,4.843304843304842,
38,North Dakota,ND,2013,108.28258217850427,,2.75718198755967,,12.190885346760236,,5.532503457814661,
38,North Dakota,ND,2014,87.01273145876365,,1.4187423229045637,,1.9763368623175335,,7.307171853856562,
38,North Dakota,ND,2015,113.87906923968588,,2.0736760533198697,,9.78857850819705,,5.158730158730157,
38,North Dakota,ND,2016,123.77601946285684,,1.6140935654696742,,6.5323351355708805,,1.9841269841269835,
38,North Dakota,ND,2017,85.87126049040366,,0.9662452682942007,,24.301213577750346,,1.1889035667107,
38,North Dakota,ND,2018,94.42866213385358,,0.9135975823633915,,21.988002037409988,,1.7105263157894732,
38,North Dakota,ND,2019,107.0946755082772,156.90355718833942,0.8704835752502046,1.0641526646635435,3.408073739895363,3.993564394061213,1.9633507853403136,0.7609182333664848
38,North Dakota,ND,2020,101.08485741385707,159.89387571897646,0.9723172096682242,1.0433204532155382,17.99389205063313,16.818209306760473,3.974358974358974,0.7075373714060406
38,North Dakota,ND,2021,85.37536221770706,171.61576200075882,0.8786049443583778,1.0072441500873095,61.70151473785586,60.73049470592595,1.670951156812339,2.1350689170482013
38,North Dakota,ND,2022,559.5960978003718,171.11682041122612,1.297240710490246,1.0615086067616692,22.27669537920364,21.94158198002005,0.8974358974358974,2.4310872064184856
38,North Dakota,ND,2023,208.5894818686658,203.4634270090727,1.0549188896320134,1.1283755856041635,19.426488286376777,19.687117770337483,1.2706480304955523,1.4928428229748043
38,North Dakota,ND,2024,99.10151932146942,196.4631751627794,0.9145516363247346,1.077951188314264,16.614655095533827,16.262594146679618,2.395964691046657,1.255825626623778
39,,OH,2010,,,,,5.577742056912866,,4.827108068290138,
39,,OH,2011,,,,,1.063655094126,,5.15329984410184,
39,,OH,2012,,,,,12.458305144935899,,4.406544887888487,
39,Ohio,OH,2013,217.18262954977035,,1.175603417327846,,0.8193343665649421,,4.412780656303966,
39,Ohio,OH,2014,187.93887561849513,,1.2091437661169182,,0.29500120393319845,,3.9458947187042153,
39,Ohio,OH,2015,172.0990852150452,,1.205383590673198,,2.6619381463720706,,4.069867492686283,
39,Ohio,OH,2016,174.1416053910573,,1.1841326858859178,,6.334582810300082,,1.6752577319587592,
39,Ohio,OH,2017,248.43688703676145,,1.3535047077858822,,1.7845912302910278,,1.722955597462704,
39,Ohio,OH,2018,242.0373980264859,,1.4106290468877924,,0.31021419532500166,,1.5580857803270225,
39,Ohio,OH,2019,305.2089583869028,326.00439180319285,1.4738398464779756,1.3852685590003295,2.4233097725464563,2.4418879619666667,1.1968880909634914,1.5967730409119127
39,Ohio,OH,2020,283.4017581167426,322.979845955019,1.3562590141407735,1.359322922601452,4.101430101540763,4.208608681690173,1.0848376981100043,1.4673092573339093
39,Ohio,OH,2021,244.2087277010076,324.6696940225932,1.3264393080272712,1.4010800642534518,3.362822230464612,3.890111694334628,0.994813366210352,1.4964392857575528
39,Ohio,OH,2022,413.2252039454365,337.0179646842448,1.516919912460141,1.4032321479819094,5.2655589721316005,5.0802819076850865,1.104972375690603,1.2337253430439885
39,Ohio,OH,2023,366.239539742955,335.28008414281004,1.2519522537859158,1.4022074402302478,8.62958598848964,8.992832593264534,0.9315718157181517,1.3246806330063645
39,Ohio,OH,2024,510.4774254163304,368.0420430201349,1.297750783991775,1.3434961940532726,18.74799850009445,18.715145710678687,2.453418767388901,1.3212793093986106
40,,OK,2010,,,,,6.312314581705378,,19.760638297872333,
40,,OK,2011,,,,,60.938103506754494,,19.55661124307204,
40,,OK,2012,,,,,53.31324837091515,,19.402985074626848,
40,Oklahoma,OK,2013,620.895591824327,,1.5474849081618287,,45.35771876325385,,20.186818889465485,
40,Oklahoma,OK,2014,119.14554479224971,,1.0753378253242156,,46.964127627851454,,24.516627996906404,
40,Oklahoma,OK,2015,831.3906235754471,,1.7821072535841056,,21.223733813970583,,32.11454870877012,
40,Oklahoma,OK,2016,316.6209666592176,,1.5818061737087077,,11.4790365750514,,31.109979633401203,
40,Oklahoma,OK,2017,291.2375098470126,,1.4446262744939369,,19.858646844917185,,25.216065073716308,
40,Oklahoma,OK,2018,175.57451124181085,,1.3314921249989307,,29.897169092968177,,24.676642150646714,
40,Oklahoma,OK,2019,334.94725401292004,309.58846200023635,1.5300381507934027,1.4630191251079143,4.68748603451989,5.018030335109784,30.29537995455692,19.920708134592857
40,Oklahoma,OK,2020,2921.9778954042413,312.92146972050114,2.1105240875912408,1.4721961549943303,12.274197051601512,12.045672935956759,30.693568726355604,25.243858390266862
40,Oklahoma,OK,2021,179.3916443463056,396.3805809410127,1.4004725940034681,1.6372694327909487,16.08996461637431,15.365488915034973,26.120711244678176,27.418948502322166
40,Oklahoma,OK,2022,195.56438706322464,376.9501839437604,1.4418920050631847,1.6832316748589957,58.48139556615417,57.243297594753784,28.347826086956516,25.80097068637013
40,Oklahoma,OK,2023,896.6450250467175,378.10397970561274,1.8618816846832629,1.7161050619723315,34.77577515543267,35.36177218411491,23.800147674132408,24.92379893624329
40,Oklahoma,OK,2024,270.912675840518,355.68452591076425,1.730644706057192,1.586244543861976,18.80686206619453,18.803818305553964,33.38213762811125,19.227230599607243
41,,OR,2010,,,,,10.072162447673438,,12.063574778530475,
41,,OR,2011,,,,,1.1495275750620026,,8.675445391169628,
41,,OR,2012,,,,,15.201855647770477,,8.282051282051272,
41,Oregon,OR,2013,170.68933291013548,,0.7917301502491457,,26.08812608909829,,7.415902140672783,
41,Oregon,OR,2014,289.2767565148806,,1.2714545378306579,,50.17045556398163,,8.877679697351814,
41,Oregon,OR,2015,212.56432969353898,,1.006286186170669,,61.34521273932447,,9.305797462055232,
41,Oregon,OR,2016,240.2931820545559,,1.0906583680362048,,26.201159465728704,,4.593207915954061,
41,Oregon,OR,2017,295.70004552686174,,1.3177928711040514,,5.112784782859881,,4.364600916325045,
41,Oregon,OR,2018,113.0641021377634,,0.9160033643993896,,39.364137915215395,,5.9751434034416775,
41,Oregon,OR,2019,221.5663712992363,250.80820886848537,0.9957897541335522,1.156111933784377,16.88138338469936,17.84332311867934,5.241935483870958,4.3126787694011295
41,Oregon,OR,2020,310.97239666550524,262.4858443480747,1.141693792581979,1.058894904453122,43.011810607894844,41.7979448909141,3.440150801131008,4.487033582733224
41,Oregon,OR,2021,1489.1660781026974,304.10988021584825,1.5714257092563046,1.0445245186037266,63.78237968744482,62.63082944205368,4.018801410105755,3.751859936713452
41,Oregon,OR,2022,322.86031951886355,363.6139804572528,1.2875443622356653,1.1560601081831678,53.76658663571108,53.52418147340101,4.639660857277434,3.9262059337297064
41,Oregon,OR,2023,126.88651164128004,344.5883130474378,0.8252148013595427,1.2213387462729506,31.12455457048889,31.36152048899357,4.117647058823522,4.489412157164519
41,Oregon,OR,2024,590.9923150604262,329.5784266962886,1.345987441846677,1.0661928191062067,16.517510419109364,16.76264829110239,7.127784290738565,4.366791216086045
42,,PA,2010,,,,,5.509330177970823,,6.057745260010991,
42,,PA,2011,,,,,2.64266332563891,,8.229387306817255,
42,,PA,2012,,,,,4.3447108827677745,,6.7742188111833075,
42,Pennsylvania,PA,2013,138.58401632708475,,0.9737309778397107,,3.8768564359110016,,7.097026604068804,
42,Pennsylvania,PA,2014,399.59609471876905,,1.218354536508283,,1.9242793703171064,,5.651969981238253,
42,Pennsylvania,PA,2015,156.72615109486352,,0.994095019658451,,5.986549069914765,,5.684128225175882,
42,Pennsylvania,PA,2016,126.22105989139997,,1.067487182107438,,11.877156968730516,,8.844228964654343,
42,Pennsylvania,PA,2017,176.78326310016527,,1.1094267804639504,,5.436783607238975,,7.073075420085944,
42,Pennsylvania,PA,2018,518.0473406856162,,1.4312555785031593,,1.3046802962794428,,8.345694433601345,
42,Pennsylvania,PA,2019,249.14003046803052,281.3486718799931,1.3087445565817557,1.1888959426958423,1.2443596039763896,1.3147242277036515,7.266192671302418,7.790745574491048
42,Pennsylvania,PA,2020,334.17341895340354,353.877348124621,1.2971872369469748,1.3479480546571514,9.182920411311072,9.107363800301624,6.048014773776508,7.207404064394278
42,Pennsylvania,PA,2021,217.84466369395005,343.8796464661737,1.2000445776151436,1.2397776649606742,2.2659536504355806,2.759457373953505,7.597756779595874,4.7881434952736805
42,Pennsylvania,PA,2022,200.38026624024585,310.9612190735809,1.1393263464327303,1.2659922753739725,3.758251374559739,4.096604271273779,7.454755487100458,4.986598114049608
42,Pennsylvania,PA,2023,252.68131976229202,322.1503578781688,1.1084647968351597,1.2175912116666918,7.151547340176876,7.306585624091075,6.587746944423065,4.967213967438388
42,Pennsylvania,PA,2024,336.0915415388395,264.3547953778161,1.3534329527268198,1.0306098396080772,11.139925333705541,10.758127187247208,6.760692932699665,4.978014714723998
44,,RI,2010,,,,,1.849361441083341,,5.8823529411764675,
44,,RI,2011,,,,,0.0,,8.159392789373811,
44,,RI,2012,,,,,11.181625889520822,,6.161137440758293,
44,Rhode Island,RI,2013,783.19,,1.26,,8.30219312828294,,4.734848484848484,
44,Rhode Island,RI,2014,54.21,,0.7619999999999999,,14.017825233337406,,5.203405865657521,
44,Rhode Island,RI,2015,341.82,,1.231,,14.198797852111685,,4.162724692526017,
44,Rhode Island,RI,2016,168.9,,1.206,,24.752046514980123,,2.835538752362949,
44,Rhode Island,RI,2017,728.34,,1.185,,12.171052557821932,,2.7436140018921473,
44,Rhode Island,RI,2018,594.78,,1.5700000000000003,,2.3251042333326395,,3.8715769593956555,
44,Rhode Island,RI,2019,236.49,487.6934515933697,1.397,1.4057997694527646,1.3209562410006401,1.4030566222508618,2.3629489603024574,2.813360773921938
44,Rhode Island,RI,2020,548.39,520.1473044094188,1.9660000000000002,1.4361390961244855,22.821891186881324,22.399485788243833,2.4635036496350358,2.6943431216391884
44,Rhode Island,RI,2021,448.55,437.15411243951786,1.429,1.497484875418062,3.002585603753477,3.337279457103942,1.6408386508659967,1.688908172418312
44,Rhode Island,RI,2022,81.94,441.3050530682029,0.959,1.576684558357334,20.125994805794736,19.643923402674062,1.8214936247723124,1.8253306504603284
44,Rhode Island,RI,2023,104.59,343.44663382093006,0.782,1.1349753884103801,2.365133592732355,2.649050602957051,2.8156221616712074,1.9263715390612477
44,Rhode Island,RI,2024,104.25,362.8690194320129,0.896,1.0585347025148368,8.7439409782123,8.077379164676858,2.0720720720720713,1.7460571598072117
45,,SC,2010,,,,,10.082305457796089,,2.7178602243313157,
45,,SC,2011,,,,,37.93382091458217,,2.9317355018189564,
45,,SC,2012,,,,,40.07671059651376,,2.9243483788938294,
45,South Carolina,SC,2013,116.9600230844863,,1.0447471340648211,,12.67431858106205,,3.0214015946286192,
45,South Carolina,SC,2014,799.5265627986034,,1.8158089099109118,,3.4959790918846,,2.631033768386155,
45,South Carolina,SC,2015,224.06227583065944,,1.4543357174734939,,9.765008512241529,,2.879901960784308,
45,South Carolina,SC,2016,1645.3937810127386,,2.4172698929869525,,10.965112937325006,,1.0276042716099116,
45,South Carolina,SC,2017,372.7937362528202,,1.5847372845421988,,11.384022007975716,,0.3182812810821556,
45,South Carolina,SC,2018,470.54545112308614,,1.7463411241056166,,8.670904129546557,,0.5106048703849162,
45,South Carolina,SC,2019,326.5435156325936,382.51941212317865,1.4831552162129977,1.7070344211296624,14.022575813978868,13.808753737008715,0.8530438154323366,0.7430217311277594
45,South Carolina,SC,2020,323.8152653166311,371.73142037866364,1.4747297689743324,1.6009292780239959,0.9460052389177085,1.161939234648306,0.5455962587685103,0.919665627677237
45,South Carolina,SC,2021,120.87266130007548,378.7993269899145,1.1607574868451735,1.5753824886691683,7.7705206214542795,7.467715707327075,0.712360415864458,0.702534729966263
45,South Carolina,SC,2022,301.10386504886634,341.366895667258,1.8702211244925697,1.4898503070366647,12.783597259306362,13.140265879956871,0.6050293061070144,0.5922831007637315
45,South Carolina,SC,2023,167.18881388523647,341.17792599222184,1.5074071498974193,1.5672292392996032,7.948161878249026,8.162998327682134,0.5564830272676681,0.6695994693343021
45,South Carolina,SC,2024,3136.5282267023335,378.03672485126134,2.364910698670047,1.7123311379183956,11.011383732296435,10.957888113849268,1.5118397085610176,0.5630174988934062
46,,SD,2010,,,,,0.5179040160908419,,22.916666666666664,
46,,SD,2011,,,,,3.272735349789205,,18.56796116504854,
46,,SD,2012,,,,,40.37926986824376,,17.62589928057554,
46,South Dakota,SD,2013,959.8403530019144,,1.8665303430163767,,35.101396791686625,,19.09845788849347,
46,South Dakota,SD,2014,115.83865612503256,,1.0085933771084608,,3.8689408701856896,,15.294117647058822,
46,South Dakota,SD,2015,133.3234834462538,,1.1329618188355042,,9.737485853815153,,16.02339181286549,
46,South Dakota,SD,2016,252.22983557456638,,1.399962161824625,,12.819252583129723,,12.384259259259258,
46,South Dakota,SD,2017,100.62392416858975,,1.1522014441501842,,25.240996784347974,,12.814645308924483,
46,South Dakota,SD,2018,92.10313758853395,,1.0843206159307959,,14.326572161182394,,8.191126279863479,
46,South Dakota,SD,2019,294.959981167598,167.7316079364312,1.5756073283869636,1.0623067408323874,0.10572194747940429,0.415529540763695,9.019165727170234,8.132579253997765
46,South Dakota,SD,2020,97.34516547606572,207.37271513993875,1.0960933456761552,1.2143957796499896,13.87662918875839,13.107608237485675,6.981981981981981,7.662518795379334
46,South Dakota,SD,2021,105.60674027038374,190.32669966914034,1.0093747963594597,1.1675948237313147,43.67306042203293,42.822994041734276,4.0178571428571415,7.057160448703278
46,South Dakota,SD,2022,327.0681724873403,203.98228510262686,1.234906242325762,1.0808120557177332,32.50497676811558,31.76137572307635,2.75027502750275,5.807657740452338
46,South Dakota,SD,2023,76.99923306031866,192.0005599925613,1.0105366728164158,1.0599554050801145,18.199673877747532,18.593795135593172,2.178649237472766,4.889623465069309
46,South Dakota,SD,2024,84.744939647731,193.1318960405083,0.8150463983236311,1.0901402979421997,19.65758450629546,18.641809886606136,4.099244875943903,4.376398280622292
47,,TN,2010,,,,,9.438472520959671,,0.9439899307740679,
47,,TN,2011,,,,,7.949146074017658,,1.5,
47,,TN,2012,,,,,14.946946781528451,,0.9448574969021056,
47,Tennessee,TN,2013,171.0962979796096,,1.7670128258546962,,0.587478348653493,,0.677235647221792,
47,Tennessee,TN,2014,224.97291258095152,,1.80257614053618,,3.742945810193601,,1.115355233002289,
47,Tennessee,TN,2015,222.4371429381042,,1.7686639243780304,,3.94364438331222,,1.2888551933282764,
47,Tennessee,TN,2016,197.1549519167437,,1.7802933415567406,,20.922134679840124,,1.262967974740638,
47,Tennessee,TN,2017,512.8275496252824,,1.8056946146808874,,6.039053872231874,,1.3849590469099002,
47,Tennessee,TN,2018,199.75134314594033,,1.9014105948102777,,2.1287870632247925,,1.091767483033342,
47,Tennessee,TN,2019,266.9067634127858,283.89697241349626,2.1510543495094514,1.88010203921942,4.05364075612879,4.056708653257307,0.8491947291361628,1.1807076773909717
47,Tennessee,TN,2020,588.0498974760504,326.1883952736453,2.139681768657072,1.9333885329810754,1.8641412509844513,1.813195840700801,0.6062355658198602,0.8955886339657804
47,Tennessee,TN,2021,302.68198849275797,362.11134495261643,2.018610273877875,2.0520125750593925,2.989268318417111,3.438716135458613,0.602841969283765,0.6130315558123256
47,Tennessee,TN,2022,404.48717183641406,348.1279009889738,3.1956832000533035,1.933065198796825,10.980955229203628,10.995378579250788,1.2742460710746124,0.689437470134753
47,Tennessee,TN,2023,857.93391396652,388.0879365845898,2.8116602958942667,2.2952498360307834,15.426992257267207,14.48767510931336,0.908709632322102,0.9670788777606178
47,Tennessee,TN,2024,278.63779841979374,388.57681231478216,1.9995707143119736,2.197206305125413,20.9296413349933,21.24370640795543,0.8688456764584191,0.8374996803861301
48,,TX,2010,,,,,8.432839829751527,,6.608034228666483,
48,,TX,2011,,,,,76.55931976687411,,6.047726741012227,
48,,TX,2012,,,,,50.27857697002465,,7.004293819966218,
48,Texas,TX,2013,185.5070407571431,,1.5370505340224152,,49.92847640564196,,6.55966767371599,
48,Texas,TX,2014,192.4675700433888,,1.4413327841107384,,38.93835692830878,,6.5163372028334745,
48,Texas,TX,2015,271.6734677829599,,1.7805549719190386,,15.14607859425837,,7.634060213331348,
48,Texas,TX,2016,210.8254212404651,,1.5991116401439862,,4.271330985312796,,7.021566239163108,
48,Texas,TX,2017,477.59746742650543,,1.66673963198279,,6.973615975337809,,6.369516807465253,
48,Texas,TX,2018,167.2383711845844,,1.3885239294383342,,24.348669605634427,,5.848034934497785,
48,Texas,TX,2019,290.68295219741674,272.7691299364074,1.6721635768844114,1.4785648930510693,12.446846422903715,12.528199100640645,5.312726394590646,5.787769778845691
48,Texas,TX,2020,432.68462990112096,303.869201753018,2.22167943919803,1.5018971254551807,24.23183492621701,23.887118032858098,4.329981530884447,5.52148072813491
48,Texas,TX,2021,1175.2930579530896,351.45654915623066,2.900182172916857,1.7470912137953436,22.946992572290757,23.35005058066901,4.568356270922776,3.828973074077914
48,Texas,TX,2022,211.95371886312253,383.1877033477281,1.6544934378845186,1.8312645562244274,53.46159682675063,53.06218119100304,4.552095092635612,3.6906825536270067
48,Texas,TX,2023,496.20761379193584,382.1791767919455,1.762671912705301,1.8555357733792575,36.851442636024395,37.03378746172026,4.642078192649478,4.170484270962385
48,Texas,TX,2024,1270.5629531471857,385.53993195785193,2.114337855179917,1.9013653421409746,22.990705991007843,23.251855422811964,8.818927807401211,4.124385225148274
49,,UT,2010,,,,,9.729321472119942,,5.4414414414414365,
49,,UT,2011,,,,,1.0726851633300845,,5.150976909413845,
49,,UT,2012,,,,,46.36748050880782,,4.9754730203223545,
49,Utah,UT,2013,189.68677724976303,,1.351898310217371,,47.11326606846471,,7.0369092790617405,
49,Utah,UT,2014,187.24158417648312,,1.355644551083783,,34.64588745987735,,4.560925799863852,
49,Utah,UT,2015,199.57787244708862,,1.3503770376063249,,38.019012752218465,,5.16085790884718,
49,Utah,UT,2016,190.11289102566454,,1.3101239265154163,,16.77837020650497,,10.775295663600525,
49,Utah,UT,2017,138.98801398058566,,1.0645094520705405,,9.80577747430387,,8.408505154639169,
49,Utah,UT,2018,125.32252004042942,,1.0194516118736037,,56.90953753517271,,6.497622820919172,
49,Utah,UT,2019,146.2237128510723,277.56695905549947,0.9981876268959753,1.2526084033377847,20.36747118198925,20.62606291550414,6.5563534186699925,7.776901889881159
49,Utah,UT,2020,575.1382733358276,244.85644489197972,1.3204168828168057,1.1961479702690883,52.56049902486601,50.852603356682756,3.3495736906211913,8.642048705415332
49,Utah,UT,2021,115.95487969698614,270.6725120000362,0.9341907234889426,1.1431078941635038,86.4427598037735,85.92942423697536,1.5568862275449082,5.145667077250274
49,Utah,UT,2022,111.31558147737017,303.03638605659097,0.8867849160767172,1.0466508970780866,70.20236763513634,69.30008931454314,1.2374779021803168,4.278331259516465
49,Utah,UT,2023,127.07629535017197,252.91101217359486,0.9164033757350963,1.0520517966677472,21.389688886466395,22.198651129561128,4.2041171354015585,3.731200103025641
49,Utah,UT,2024,119.77958938863449,283.174653544243,1.0298885993377485,1.0527323664870945,12.782756791247321,13.091938686545332,2.2266628604053644,3.60592514902171
50,,VT,2010,,,,,1.3802305573231202,,19.329073482428115,
50,,VT,2011,,,,,1.3402219565488722,,25.039872408293462,
50,,VT,2012,,,,,8.020773718112343,,25.878594249201278,
50,Vermont,VT,2013,435.9852164897445,,2.4097041870925358,,3.9350621364100724,,20.893141945773525,
50,Vermont,VT,2014,745.0279143126883,,2.1954959400189664,,1.3498933541556897,,20.926517571884983,
50,Vermont,VT,2015,204.23212469717888,,1.6703977925621245,,7.107914191521065,,18.849840255591054,
50,Vermont,VT,2016,359.39132311497116,,1.8615324304848344,,17.75379011975568,,13.461538461538456,
50,Vermont,VT,2017,873.9055246097977,,2.413177285144127,,8.870669610147063,,5.92,
50,Vermont,VT,2018,897.6305575344,,2.6188079571582925,,10.179966327998393,,11.68,
50,Vermont,VT,2019,443.80178821660536,608.4781563202015,1.9813350591186467,2.352711632574458,1.9118899642362173,2.135443914284502,7.8525641025641,12.801255653539489
50,Vermont,VT,2020,255.63564178375472,548.9724826814603,1.8983981117374207,2.1522144159726833,15.965237719699768,15.187563167014352,5.132192846034214,11.001515674402755
50,Vermont,VT,2021,313.1522043092098,660.7665190309046,2.074495602612238,2.254012861564682,20.26740017274093,20.317984642776132,6.182380216383308,7.426194619631166
50,Vermont,VT,2022,963.5443126186079,617.3655582707811,2.6196273297512533,2.17208715362132,10.57587813945692,10.59100878810341,7.870370370370368,6.62013901560417
50,Vermont,VT,2023,744.3960604920119,676.8386970397954,2.3522345145284915,2.288139950999207,2.0576360133750877,2.450950274584729,9.104938271604935,7.0199591212350985
50,Vermont,VT,2024,696.6751865659834,613.9046126796153,2.5155661497201147,2.4110969999179988,6.268333081975196,5.843933901443455,17.619783616692427,6.343413855134854
51,,VA,2010,,,,,10.221696097967525,,4.212362911266188,
51,,VA,2011,,,,,10.269291683572586,,3.7027894347074723,
51,,VA,2012,,,,,10.792949581778892,,3.395627213875644,
51,Virginia,VA,2013,467.7708068128133,,1.6153159359488016,,3.091500795246168,,3.5125968992247887,
51,Virginia,VA,2014,187.32906453282587,,1.3805914014163891,,3.112896608330926,,2.7540589296452147,
51,Virginia,VA,2015,203.51341965632966,,1.4289733900519725,,2.8275916013057105,,3.4540456555515706,
51,Virginia,VA,2016,237.7186005177017,,1.5450052123620979,,5.259786903459572,,1.698740793537651,
51,Virginia,VA,2017,192.85313737865079,,1.3751254302496794,,9.878404582678725,,1.5228426395939045,
51,Virginia,VA,2018,507.35116470197966,,1.817278468092589,,6.642270596492268,,1.398190576900479,
51,Virginia,VA,2019,309.01775918346505,329.081986731577,1.7270112594467948,1.5435103499972407,5.061617704123032,4.983188649248145,0.93490709360757,1.205618707897764
51,Virginia,VA,2020,308.63259592116844,368.193146981423,1.6327480606716025,1.7785362800402853,0.5095159430444098,0.7394837071590596,0.960981822392031,0.8029728391207002
51,Virginia,VA,2021,434.42511294649915,406.1801572199861,1.5763377403399883,1.6778775657322353,7.031991267108165,6.426019331807984,0.8083140877598151,0.7283789873799467
51,Virginia,VA,2022,593.9324146647226,389.0586362187143,1.8534443776860967,1.6763336989343383,7.082803687839078,7.927209571727446,0.8063587144338186,0.7342339159585389
51,Virginia,VA,2023,221.09083243860096,437.5068297038259,1.4609222528773786,1.6955242353264344,13.93096640682426,13.501613723188699,1.21392579019697,0.8588489785900618
51,Virginia,VA,2024,418.2801549184802,379.3652782514285,1.6267381606384392,1.5453618109858667,16.057322595554478,15.767329172985773,1.4399092970521519,0.800434553372158
53,,WA,2010,,,,,6.272352698078698,,3.23298235206881,
53,,WA,2011,,,,,0.7645127312975828,,2.6512377325325858,
53,,WA,2012,,,,,4.606134142499785,,3.4497753297579323,
53,Washington,WA,2013,154.8235676305329,,1.025426436411045,,2.6011147733293316,,2.828021820269878,
53,Washington,WA,2014,330.5342305306096,,1.5125987649610588,,24.980800991814778,,3.1878719183904765,
53,Washington,WA,2015,646.2884974093369,,1.7005789356837628,,42.50484538078811,,3.0138133110087844,
53,Washington,WA,2016,225.99418734429878,,1.1720740245506154,,9.935872015216603,,1.821917808219178,
53,Washington,WA,2017,269.46400861845274,,1.3213517019792176,,7.021480481113447,,2.0193861066235828,
53,Washington,WA,2018,270.3687555281325,,1.211428854742758,,14.242655115859296,,2.417962003454224,
53,Washington,WA,2019,300.0161518372035,293.04609777042316,1.173874663343285,1.217986166867106,17.887899932269065,18.08523275838906,2.6136065143157268,1.6698882565348463
53,Washington,WA,2020,261.55047942214617,295.52567256333515,1.3017852299130337,1.1804594495169256,18.112322522093464,18.216495302417666,2.2259609162676286,1.693305237911028
53,Washington,WA,2021,527.2907895286284,341.1386740150538,1.692484042841414,1.275892630358242,36.24518611621774,35.372995553786254,2.1177685950413183,1.9212526493641193
53,Washington,WA,2022,395.29579507381624,364.3029958364923,1.480761791275796,1.3801609958251644,21.853479557737952,21.68318053390721,2.439964042635156,1.929480504214692
53,Washington,WA,2023,151.66849295317664,359.17357956131116,1.0250409069978614,1.4464292510366523,21.77929331369523,21.864472512711068,2.7299400433728747,2.083479442918699
53,Washington,WA,2024,623.4543309498797,334.064119254625,1.7518978084800312,1.2836614198893865,17.476291220693128,17.626728704147247,3.405650857719472,2.264640504804677
54,,WV,2010,,,,,8.250821181103259,,7.605177993527503,
54,,WV,2011,,,,,3.1335279872774966,,4.254173397953686,
54,,WV,2012,,,,,3.4176853206636397,,4.3080236941303145,
54,West Virginia,WV,2013,542.1458041187009,,2.2935625918814915,,2.305450851747459,,3.3423180592991897,
54,West Virginia,WV,2014,662.846891837394,,2.366396005674077,,1.7004054174402745,,4.808211777417609,
54,West Virginia,WV,2015,814.5726369307033,,2.415164152480675,,3.1833695358473877,,7.650569723277261,
54,West Virginia,WV,2016,743.4176485008364,,2.350815610523099,,4.499679366673543,,9.17030567685589,
54,West Virginia,WV,2017,690.8349766214483,,2.333357331275629,,1.1853118639725313,,12.699285321605267,
54,West Virginia,WV,2018,739.6691446313555,,2.6463490965817256,,0.36552784108798775,,11.849390919158358,
54,West Virginia,WV,2019,755.2374533912579,570.9090525239441,2.8011374926153136,2.208714746205661,3.3538597836358024,3.3967631381005203,7.9108635097493,9.838261798922044
54,West Virginia,WV,2020,604.1865603074469,641.4614813859272,2.4367814330874182,2.417206191984225,1.3095580121484613,1.5182871144780063,5.859374999999997,7.115715729328083
54,West Virginia,WV,2021,1117.1512807617348,750.1457763194585,2.3829179906614337,2.4333635906334727,3.938329614474197,4.116405570020306,5.9350503919372875,6.643198973911979
54,West Virginia,WV,2022,1003.1858356531385,680.0346587544897,2.7373340797962564,2.3585952688216194,2.19257939548552,2.881342835438266,5.693348365276208,6.053597017215494
54,West Virginia,WV,2023,751.4922029419027,712.313305521096,2.3530739070428814,2.40787146191527,7.51782811320713,7.694817220060865,10.790960451977398,5.452521347601944
54,West Virginia,WV,2024,1165.5147881950234,701.0431679395033,2.8324437008546073,2.449393296248081,27.057164967216156,26.76001839881048,15.393322014714203,5.895373027276701
55,,WI,2010,,,,,10.085157993837829,,8.873660165173058,
55,,WI,2011,,,,,2.656733355815321,,6.922537679635469,
55,,WI,2012,,,,,20.38120170702117,,7.009264114665262,
55,Wisconsin,WI,2013,146.1904980074909,,0.8156242147380989,,16.529030202571157,,7.842453816660841,
55,Wisconsin,WI,2014,144.74427824232632,,0.8378182062308427,,3.6827356205376516,,7.7003302624717485,
55,Wisconsin,WI,2015,104.96218047730493,,1.3191880437878232,,7.746398388769746,,6.680548325524889,
55,Wisconsin,WI,2016,136.48487127749414,,0.8409247545099157,,0.30140071678767966,,2.199134199134197,
55,Wisconsin,WI,2017,203.51298222394567,,0.9085440522245776,,0.9028581002778732,,2.2613499050578265,
55,Wisconsin,WI,2018,122.77056833937098,,0.8113801293679612,,2.627228469389245,,2.2895506971940036,
55,Wisconsin,WI,2019,356.1784811505685,229.28575508375366,1.0949446510269227,0.9361879002868148,0.05793181467266956,0.1306940294314621,2.094420600858366,1.9363319715345249
55,Wisconsin,WI,2020,113.29174357255805,242.58594371948658,0.801914665082516,1.018174414136248,1.4314250779324291,1.4493474271001543,1.712735289130062,1.6650530442498719
55,Wisconsin,WI,2021,311.5604541056007,205.00368500720577,1.0114611126875064,0.9702618141985617,16.73099228877051,16.094598214782614,1.5980958857531398,1.4749657316208862
55,Wisconsin,WI,2022,273.5191654819311,242.22555323050335,1.0433403103045,0.9716392511046094,14.29887796577552,14.529238848318844,2.2530916483144123,1.4752730237668201
55,Wisconsin,WI,2023,183.01438986787656,290.0135710221872,0.8773147032101087,1.0232735684466678,22.349966043142555,21.5014760871335,1.8381112984822905,1.805897580231703
55,Wisconsin,WI,2024,266.1026225270651,244.839494897853,1.0203506955069006,0.9595902952531605,17.8816755642231,17.47074821345601,4.7842873929830345,1.8006838658880024
56,,WY,2010,,,,,14.121996614786067,,12.389380530973447,
56,,WY,2011,,,,,1.6511076903764867,,14.638447971781304,
56,,WY,2012,,,,,37.91423566971327,,11.611785095320625,
56,Wyoming,WY,2013,363.3771223341833,,1.8139185605683894,,47.18725840231342,,13.379073756432245,
56,Wyoming,WY,2014,193.21487497583823,,1.501411652723407,,2.8103223532015766,,14.236706689536875,
56,Wyoming,WY,2015,184.59731226096903,,1.4856226196751066,,6.697907683048115,,14.675767918088738,
56,Wyoming,WY,2016,192.54541949190616,,1.4882208299763104,,13.535021013266684,,11.111111111111109,
56,Wyoming,WY,2017,217.62690147150536,,1.6621966099050072,,4.389766715577911,,27.24137931034482,
56,Wyoming,WY,2018,136.7060180281463,,1.2688613192335962,,6.790543682278564,,9.844559585492227,
56,Wyoming,WY,2019,164.49333979239003,205.94029770936416,1.490178153789602,1.3524083590270821,5.080861906752747,5.7035658420935285,12.58620689655172,14.962028526440228
56,Wyoming,WY,2020,289.681352681368,191.3023010437244,1.8359415081456285,1.3902640027543578,26.425337883851,25.503525213625927,11.5916955017301,10.282071449680389
56,Wyoming,WY,2021,170.53403582888552,255.9373952950284,1.163216435641902,1.4080102083798138,51.86096273759229,50.934232012938416,11.551724137931032,13.678290349420799
56,Wyoming,WY,2022,170.09567530276937,272.4080456186559,1.3321592891976195,1.3471649678478639,42.498435856741786,42.089738375446515,9.278350515463917,11.52711612403124
56,Wyoming,WY,2023,127.04689940790857,242.91442558482103,0.9939841133335571,1.3182250989499433,11.056736573932765,11.79634018621566,17.948717948717945,11.254857427290434
56,Wyoming,WY,2024,137.76133059851998,230.09971684607248,0.9986115832167484,1.1716908480126422,29.6269896741897,28.296091368965794,20.78364565587734,9.972877749024981
